# Name;Type;Tokens & HP;Shield;Tier;Category;Code;Special;To discard;Immediate;Effect;Flavour;Box;Deck;Start;End
;;;;;;;;;;;;;;;
# Aeon's End Basics;;;;;;;;;;;;;;;
;;;;;;;;;;;;;;;
Agony Field;P;2;;1;B;;;Destroy a card in hand that costs 2$ or more.;;Unleash. Any player discards three cards in hand and then draws one card.;"""Every breath is torment."" - Nerva, Survivor";Aeon's End;;204;
Bane Sire;M;6;;1;B;;;;;Unleash.;"""Best to kill these first."" - Reeve, Breach Mage Elite";Aeon's End;;205;
Bleed Static;P;3;;1;B;;;;;The player with the most prepped spells suffers 2 damage for each of their prepped spells.;"""There are no words to describe the sound of a breach opening. Only the screams echoing off the cave walls after."" - Z'hana, Breach Mage Renegade";Aeon's End;;206;
Eye of Nothing;P;2;;1;B;;;Spend 6$.;;Unleash twice.;"""We toy with forces we barely comprehend."" - Z'hana, Breach Mage Renegade";Aeon's End;;207;
Haze Spewer;M;5;;1;B;;;;;Gravehold suffers damage equal to this minion's current life. Then, this minion suffers 1 damage.;The fumes they belch are so caustic that they rarely live long themselves.;Aeon's End;;208;
Skewer;A;;;1;B;;;;;Unleash. Any player suffers 3 damage and draws a card.;"""It takes years to train a breach mage properly, but only a second to snuff one out."" - Malastar, Breach Mage Mentor";Aeon's End;;209;
Slaughter;A;;;1;B;;;;;Unleash. Gravehold suffers 3 damage.;"""We have nothing left to lose but our lives."" - Mist, Breach Mage Dagger Captain";Aeon's End;;210;
Woven Sky;P;2;;1;B;;;Discard three cards in hand.;;Unleash. Any player suffers 4 damage.;"Nym looked up in awe as Malastar pointed to the roiling air at the dome of the cave. ""Those, boy, are stars.""";Aeon's End;;211;
Awaken;A;;;2;B;;;;;Unleash twice and Gravehold suffers 3 damage.#OR#Place the most recently discarded minion card in the nemesis discard pile back into play.;"""They were always just outside the edge of our knowing, sitting there in some quiet abyss just waiting to visit ruin upon us."" - Z'hana, Breach Mage Renegade";Aeon's End;;212;
Cauterizer;M;3;;2;B;;When damage is dealt to this minion, reduce that damage to 1.;;;Any player suffers damage equal to this minion's current life.;"""Hack away all you like, youngling. It will only grow back another... whatever that part is."" - Adelheim, Breach Mage Weaponsmith";Aeon's End;;213;
Dispel;A;;;2;B;;;;;Unleash twice. The player with the most prepped spells discards their most expensive prepped spell.;"""The words and gestures needed left him, and the breach grew dim."" - Nerva, Survivor";Aeon's End;;214;
Needlemaw;M;11;;2;B;;;;;Gravehold suffers 2 damage.;"""The teeth of this beast make a fine trophy. The trick is keeping all your fingers in the taking of them."" - Reeve, Breach Mage Elite";Aeon's End;;215;
Lay Waste;A;;;2;B;;;;;Unleash twice. Any player suffers 2 damage.;Gravehold sat silent and forgotten for a thousand ages before The Nameless came. No one remembers for whom this vast city was built. Those stories lay in the ash outside the cave with the bones of those who once told them.;Aeon's End;;216;
Pulverizing Ray;P;1;;2;B;;;;;Gravehold suffers 18 damage. The players may collectively discard up to six gems. For each gem discarded this way, prevent 3 of that damage.;"""The ground absorbed the latent energy left by the first breaches ever opened. Without this to fuel our spells, our fate would be certain."" - Malastar, Breach Mage Mentor";Aeon's End;;217;
Venomite;M;9;;2;B;;;;;The player with the lowest life suffers 2 damage.#OR#Any player discards a prepped spell that costs 3$ or more.;"""In The World That Was, there were many creatures that used poison as a means of survival. But these things ARE poison."" - Lash, Breach Mage Scout";Aeon's End;;218;
Doom Aegis;P;1;;3;B;;;Spend 7$.;;The player with the most charges suffers 4 damage and loses all of their charges.;"""There is a saying: all wars must end."" - Nerva, Survivor";Aeon's End;;219;
Gather Darkness;A;;;3;B;;;;;Any player places their discard pile on top of their deck, shuffles it, and then destroys the top four cards of their deck. Then, Unleash twice.;"""The Nameless do not die, for they themselves are death."" - Xaxos, Breach Mage Adept";Aeon's End;;220;
Jagged One;M;14;;3;B;;;;;Unleash twice.;Jagged ones are the heralds of The Nameless, leading legions in siege after siege of Gravehold.;Aeon's End;;221;
Obliterate;A;;;3;B;;;;;Unleash twice. The player with the most opened breaches destroys four cards in hand or suffers 4 damage.;"""While the breaches amplify our magic a thousandfold, it comes at the highest ransom imaginable."" - Brama, Breach Mage Elder";Aeon's End;;222;
Reality Rupture;P;1;;3;B;;;Destroy two prepped spells that each cost 3$ or more.;;Unleash three times.;"""The world shattered in a blink, and in the ruin I glimpsed the other side of the void."" - Phaedraxa, Breach Mage Seer";Aeon's End;;223;
Sunder;A;;;3;B;;;;;Gravehold suffers 4 damage and the player with the lowest life suffers 4 damage.#OR#Shuffle all of the nemesis turn order cards into the turn order deck.;"""We fight for the lingering hope of returning to The World That Was, but in our hearts we know our future lies within these caves."" - Z'hana, Breach Mage Renegade";Aeon's End;;224;
Topple;A;;;3;B;;;;;Unleash twice. Gravehold suffers 4 damage.;"""LOOK OU--"", Last words of Quilion Rafe, Far Hollow watchman";Aeon's End;;225;
;;;;;;;;;;;;;;;
# War Eternal Basics;;;;;;;;;;;;;;;
;;;;;;;;;;;;;;;
Afflict;A;;;1;B;;;;;Unleash. Any player suffers 3 damage and may place a card in their discard pile into their hand.;"""Such wisdom comes at a considerable price."" - Xaxos, Voidbringer";War Eternal;;205;
Catacomb Drone;M;5;;1;B;;;;;Unleash. Gravehold suffers 1 damage.;"""Kadir remains convinced the drones were once merely creatures from The Depths.""";War Eternal;;206;
Encroach;A;;;1;B;;;;;Unleash. Reveal the top card of the turn order deck. If a player turn order card was revealed, that player suffers 2 damage. Otherwise, Gravehold suffers 3 damage.;;War Eternal;;207;
Heart of Nothing;P;2;;1;B;;;Discard four cards in hand.;;Unleash twice.#OR#Any player suffers 4 damage.;"""Beyond our world is a vast nothing. At the center of this lies The Nameless."" - Mist, Voidwalker";War Eternal;;208;
Howling Spinners;M;5;;1;B;;;;;Any player suffers 2 damage.;"""The sound they make as they weave echoes through the cave is like the otherworldly throes of our lost companions."" - Gex, Breach Mage Advisor";War Eternal;;209;
Night Unending;P;3;;1;B;;;;;Gravehold suffers 2 damage for each spell prepped by the player with the most prepped spells.;"""Here beneath The World That Was there is no day, no time really, just night unending."" - Xaxos, Voidbringer";War Eternal;;210;
Nix;A;;;1;B;;;;;Unleash. Any player suffers 1 damage and discards their most expensive card in hand.;"""It's as if the world itself is screaming."" - Nerva, Survivor";War Eternal;;211;
Planar Collision;P;2;;1;B;;;Discard two prepped spells.;;Unleash twice.;"""None remembered the true name of The World That Was until Yan Magda spoke it aloud: Khasad Vol.""";War Eternal;;212;
Thrash;A;;;1;B;;;;;Unleash. The players collectively discard two cards in hand.;"""The creature thrashed as it burned, its massive body collapsing into the South Wall like a hot blade through cloth."" - Garu, Oathsworn Keeper";War Eternal;;213;
Aphotic Sun;P;2;;2;B;;;Spend 7$.;;Unleash. The player with the most charges suffers 3 damage and loses all of their charges.;"""The harsh light of the dead star burned away the dark as it crept through the breach. Amd around it I saw ravaged worlds The Nameless had already claimed."" - Indira, Breach Apprentice";War Eternal;;214;
Chaos Flail;P;2;;2;B;;;Spend 7$.;;Unleash twice. Any player places their discard pile on top of their deck and shuffles it. Then, that player reveals the top two cards of their deck and destroys the most expensive card revealed.;;War Eternal;;215;
Mage Ender;M;9;;2;B;;;;;The player with the most opened breaches suffers 2 damage.;"""It sneered as it lunged at us, an awful maw of jagged teeth eager to end one of us, if not all."" - Ohat, Dirt Merchant";War Eternal;;216;
Mangleroot;M;12;;2;B;;;;;Gravehold suffers 3 damage. This minion suffers 2 damage.;"""One of the few indigenous creatures of the cave, though corrupted from exposure to the breach."" - Gex, Breach Mage Advisor";War Eternal;;217;
Morbid Gyre;P;1;;2;B;;;Spend 7$.;;Unleash twice. The players collectively discard three cards in hand.;"""It churned and roiled, a maelstrom of malign power. The void was upon me and yet I felt only the throes of freedom from my prison of sleep."" - Yan Magda, Enlightened Exile";War Eternal;;218;
Mutilate;A;;;2;B;;;;;Unleash. The players collectively discard two prepped spells. Any player suffers 2 damage.;"""They say that before The Nameless found Gravehold, nothing grew in these caves. It appears the cave burgeons through our blood."" - Gex, Breach Mage Advisor";War Eternal;;219;
Null Scion;M;11;;2;B;;;;;Unleash.;"""Quilius's first blow glanced off its carapace like breach, but her second blow carved it in twain."" - Dezmodia, Voidborn Prodigy";War Eternal;;220;
Smite;A;;;2;B;;;;;Unleash twice. Gravehold suffers 2 damage.;"""One side of this struggle must fall for the other to truly live."" - Xaxos, Voidbringer";War Eternal;;221;
# Apocalypse Ritual;P;2;;3;B;;;Spend 8$.;;Gravehold suffers 5 damage for each nemesis turn order card in the turn order discard pile.;;War Eternal;;222;
Banish;A;;;3;B;;;;;Unleash twice. The player with the most prepped spells suffers 1 damage for each for their prepped spells.;"""Get down! It's ejecting back at us!"" - Ohat, Dirt Merchant";War Eternal;;223;
Cataclysmic Fate;P;1;;3;B;;;Destroy a prepped spell that costs 5$ or more and a breach in which it was prepped.;;The player with the lowest life suffers 4 damage.;;War Eternal;;224;
Monstrosity of Omens;M;5;;3;B;;When damage is dealt to this minion, reduce that damage to 1.;;;Gravehold suffers damage equal to this minion's current life.;"""Never have I seen such a creature, even among the ranks of The Nameless."" - Yan Magda, Enlightened Exile";War Eternal;;225;
Engulf;A;;;3;B;;;;;Resolve the most recently discarded attack card in the nemesis discard pile.;"""The Nameless rarely attack in the same fashion twice. It would seem today is an exception."" - Dezmodia, Voidborn Prodigy";War Eternal;;226;
Quell;A;;;3;B;;;;;Gravehold suffers 7 damage.#OR#Unleash three times.;"""The Nameless hunger for the same thing we do: an end to this war."" - Garu, Oathsworn Protector";War Eternal;;227;
Throttle;A;;;3;B;;;;;Unleash twice. Any player destroys their three most expensive cards in hand.;"""Were I made of muscle and blood like the others, the impact would have surely ended me."" - Remnant, Aetherial Entity";War Eternal;;228;
Withering Beam;P;2;;3;B;;;;;Unleash twice. The players collectively destroy the two most expensive prepped spells.;"""I watched a fellow merchant atrophy and fall to the ground in ash as the beam hit his cart."" - Ohat, Dirt Merchant";War Eternal;;229;
;;;;;;;;;;;;;;;
Labyrinth Wisp;M;5;;1;B;;;;;Any player discards a prepped spell.#OR#Any player loses 1 charge.;"""It is the very breath of the void."" - Yan Magda, Enlightened Exile";The Outer Dark;;65;
Assail;A;;;2;B;;;;;Unleash twice. The player with the most expensive prepped spell places that spell on top of their deck.;"""For as massive as they are, they are quick."" - Sparrow, Breach Mage Soldier";The Outer Dark;;66;
Dire Abbatoir;P;2;;3;B;;;Spend 8$.;;The player with the most life suffers damage equal to their current life.;;The Outer Dark;;67;
;;;;;;;;;;;;;;;
# Legacy;;;;;;;;;;;;;;;
;;;;;;;;;;;;;;;
Ambush;A;;;1;B;;;;;Unleash. Gravehold suffers 2 damage. Any player suffers 1 damage.;;Legacy;END;55;
Conduct;A;;;1;B;;;;;Unleash. The player with the most charges suffers 2 damage and gains a charge.;;Legacy;END;56;
Creeping Curse;P;3;;1;B;;;Spend 6$.;;Unleash. Any player suffers 2 damage. The players collectively discard two cards in hand.;;Legacy;END;57;
Daze;A;;;1;B;;;;;Any player suffers 2 damage and discards a card in hand. If that card costs 0$, Gravehold suffers 2 damage.;;Legacy;END;58;
Endless Chasm;P;2;;1;B;;;Spend 6$.;;Unleash twice. Gravehold suffers 2 damage.;;Legacy;END;59;
Aether Extract;P;2;;1;B;;;;;Unleash. Any player discards two gems. If both of those gems cost 0$, Unleash.;;Legacy;END;60;
Ravenous Leviathan;M;6;;1;B;;;;;Gravehold suffers 2 damage.;;Legacy;END;61;
Spine Thresher;M;1;3;1;B;;;;;Unleash. Any player suffers 1 damage.;;Legacy;END;62;
Caustic Cocoon;M;9;;2;B;;;;;Unleash. Gravehold suffers 1 damage.;;Legacy;END;63;
Sap;A;;;2;B;;;;;Unleash twice. Any player loses 2 charges.#OR#Unleash twice. Any player suffers 3 damage.;;Legacy;END;64;
Tremor;P;2;;2;B;;;Spend 7$.;;Unleash twice. Gravehold suffers 4 damage.;;Legacy;END;65;
Drain;A;;;2;B;;;;;Unleash. Gravehold suffers 2 damage. The players collectively discard two prepped spells. Then, if any player has a prepped spell that costs 4$ or more, Unleash.;;Legacy;END;66;
Humming Hive;M;5;3;2;B;;;;;Any player suffers 2 damage.;;Legacy;END;67;
Hunted;A;;;2;B;;;;;Unleash twice. The player with the lowest life suffers 1 damage.;;Legacy;END;68;
Tempting Offer;P;3;;2;B;;;Spend 7$.;;Unleash twice. The player with the lowest life suffers 3 damage.;;Legacy;END;69;
Annihilate;A;;;3;B;;;;;Unleash twice. The player with the most expensive card in hand discards two cards in hand. Then, for each card in that player's hand that costs 2$ or more, Gravehold suffers 2 damage.;;Legacy;END;70;
Facet Ogre;M;1;4;3;B;;;;;Gravehold suffers damage equal to the number of shield tokens this minion has. If this minion has two or less shield tokens, it gains one shield token.;;Legacy;END;71;
# Flash of Decay;P;2;;3;B;;;;;Unleash twice. The player with the most expensive prepped spell destroys it. If that spell costs 4$ or less, or no spell was destroyed, Unleash.;;Legacy;END;72;
Gathering Storm;P;2;;3;B;;;Spend 8$.;;Unleash twice. If there are two nemesis turn order cards in the turn order discard pile, any player suffers 4 damage. Otherwise, Gravehold suffers 4 damage.;;Legacy;END;73;
Maddening Spectre;M;7;2;3;B;;;;;Unleash twice.;;Legacy;END;74;
Scatter;A;;;3;B;;;;;Unleash twice. Any player destroys their most expensive card in hand.;;Legacy;END;75;
Suffocate;A;;;3;B;;;;;Unleash three times.#OR#Gravehold suffers 3 damage and any player suffers 3 damage.;;Legacy;END;76;
;;;;;;;;;;;;;;;
Blade Storm;A;;;1;B;;;;;Gravehold suffers 3 damage. The player with the fewest opened breaches suffers 2 damage.;;Buried Secrets;;149;
Hex of Vulnerability;P;3;;1;B;;;Spend 6$.;;Place this card next to the player with the most life. For the rest of the game, when that player suffers damage, they suffer 1 additional damage.#(This cannot be removed once resolved.);;Buried Secrets;;150;
Throng Commander;M;1;3;1;B;;;;;If there are two or more other minions in play, Gravehold suffers 6 damage and discard this minion. Otherwise, any player suffers 2 damage.;;Buried Secrets;;151;
Divert;A;;;2;B;;;;;The player with the most expensive prepped spell casts that spell. The damage that spell deals must be dealt to the player who cast it instead of to a minion or the nemesis.;;Buried Secrets;;152;
Depreciate;P;2;;2;B;;;Spend 7$.;;Unleash twice. The player with the most expensive card in hand destroys that card and then gains a card of the same type that costs less from any supply pile. That player suffers 2 damage.;;Buried Secrets;;153;
Armored Haze;M;1;4;2;B;;;;;Any player suffers 1 damage for each shield token this minion has. Then, this minion suffers 1 damage.;;Buried Secrets;;154;
Muster;A;;;3;B;;;;;Unleash twice. Each minion in play gains 5 life.;;Buried Secrets;;155;
Breach Tunnel;P;4;;3;B;;;;;If each player has at least one closed breach, the nemesis overwhelms them and the players lose.;;Buried Secrets;;156;
Mailed Shade;M;8;1;3;B;;This minion can only be dealt damage by spells from a III breach.;;;Unleash twice.;;Buried Secrets;;157;
;;;;;;;;;;;;;;;
# New Age Basics;;;;;;;;;;;;;;;
;;;;;;;;;;;;;;;
Eliminate;A;;;3;B;;;;;Unleash three times.#OR#Gravehold suffers 6 damage.#OR#Any player suffers 5 damage.;;The New Age;1c;2;
Crushing Storm;P;1;;3;B;;;Destroy two opened breaches.;;Unleash three times.;;The New Age;1c;3;
Gnashing Maw;P;2;;3;B;;;;;Unleash. The player with the most expensive prepped spell destroys it. If that spell costs 4$ or less, Unleash and any player suffers 3 damage.;;The New Age;1c;4;
Disperse;A;;;3;B;;;;;Unleash twice. Any player suffers 2 damage and destroys their most expensive card in hand.;;The New Age;1c;6;
Gore;A;;;3;B;;;;;Unleash twice. The player with the most expensive card in hand discards three cards in hand. Then, for each card in that player's hand that costs 2$ or more, that player suffers 2 damage.;;The New Age;1c;8;
Hex of Destruction;P;2;;3;B;;;Spend 8$.;;Unleash twice. Gravehold suffers 4 damage. Any player destroys the top four cards of their deck.;;The New Age;1c;9;
Eternal Watcher;M;10;;3;B;;;;;Any player suffers 3 damage. If this minion has 6 or less life, it gains 3 life.;;The New Age;1c;10;
Dement;A;;;2;B;;;;;Unleash twice. Any player suffers 1 damage and places their most expensive card in hand on top of their deck.;;The New Age;1c;12;
Decay;A;;;2;B;;;;;Unleash twice. Any player or Gravehold suffers 3 damage.;;The New Age;1c;13;
Culling Scythe;P;2;;2;B;;;Spend 7$.;;Unleash. The player with the lowest life suffers 4 damage.;;The New Age;1c;15;
Fugue;A;;;2;B;;;;;Any player discards three cards in hand and suffers 2 damage.;;The New Age;1c;17;
Volcanic Zala;M;10;;2;B;;;;;Gravehold suffers 3 damage.#OR#Any player loses 2 charges.;;The New Age;1c;18;
Seeking Destruction;P;3;;2;B;;;Spend 7$.;Place the player number token of the player with the most opened breaches on this.;If the player whose player token is on this has the most opened breaches, that player suffers 5 damage. Otherwise, Unleash twice.;;The New Age;1c;19;
Portal Guardian;M;8;;2;B;;;;;Unleash. Any player suffers 1 damage.;;The New Age;1c;20;
Obliterating Meteor;P;1;;2;B;;;Discard four cards in hand.;;Unleash twice. Gravehold suffers 3 damage.;;The New Age;1c;21;
Drillbeak Wurm;M;6;;1;B;;;;;Any player suffers 1 damage. Gravehold suffers 1 damage.;;The New Age;1c;24;
Carriode Colony;M;8;;1;B;;;;This minion suffers damage equal to the numbers of players in the game.;Unleash.;;The New Age;1c;26;
Chaos Orb;P;3;;1;B;;;Spend 6$.;;Unleash. Gravehold suffers 4 damage.;;The New Age;1c;27;
Disorient;A;;;1;B;;;;;Unleash. Any player suffers 1 damage and discards a card in hand. If that card is a gem, Gravehold suffers 2 damage.;;The New Age;1c;28;
Rend;A;;;1;B;;;;;Unleash. Gravehold suffers 1 damage. Any player suffers 1 damage.;;The New Age;1c;29;
Unnerving Howl;P;2;;1;B;;;;;Unleash. Any player discards two gems in hand.;;The New Age;1c;30;
Ceaseless Darkness;P;2;;1;B;;;Spend 5$.;;Unleash. Any player suffers 3 damage. Any player discards a card in hand.;;The New Age;1c;31;
Aether Shock;A;;;1;B;;;;;Unleash. The player with the most prepped spells suffers 1 damage and discards a prepped spell.;;The New Age;1c;32;
;;;;;;;;;;;;;;;
# Decimate;A;;;1;B;;;;;Unleash twice and any player gains 2 charges.#OR#Gravehold suffers 4 damage.;;The New Age;END;135;
Blind Enigma;M;7;;1;B;;;;;Any player suffers 1 damage. If the nemesis tier is 2 or higher, that player suffers 2 additional damage.;;The New Age;END;136;
# Planar Collision;P;2;;1;B;;;Discard two prepped spells.;;Unleash twice.;;The New Age;END;137;
Spirit Snare;P;3;;1;B;;;Discard a card in hand that costs 5$ or more.;;Unleash. Any player discards a spell in hand and suffers 2 damage.;;The New Age;END;138;
# Mutilate;A;;;2;B;;;;;Unleash. The players collectively discard two prepped spells. Any player suffers 2 damage.;;The New Age;END;139;
# Needlemaw;M;11;;2;B;;;;;Gravehold suffers 2 damage.;;The New Age;END;140;
# Morbid Gyre;P;1;;2;B;;;Spend 7$.;;Unleash twice. The players collectively discard three cards in hand.;;The New Age;END;141;
# Gravity  Splinter;P;2;;2;B;;;Spend 7$.;;Unleash twice. The player with the fewest opened breaches suffers 3 damage.;;The New Age;END;142;
# Sunder;A;;;3;B;;;;;Gravehold suffers 4 damage and the player with the lowest life suffers 4 damage.#OR#Shuffle all of the nemesis turn order cards into the turn order deck.;;The New Age;END;143;
# Topple;A;;;3;B;;;;;Unleash twice. Gravehold suffers 4 damage.;;The New Age;END;144;
# Monstrosity of Omens;M;5;;3;B;;When damage is dealt to this minion, reduce that damage to 1.;;;Gravehold suffers damage equal to this minion's current life.;;The New Age;END;145;
# Doom Aegis;P;1;;3;B;;;Spend 7$.;;The player with the most charges suffers 4 damage and loses all of their charges.;;The New Age;END;146;
;;;;;;;;;;;;;;;
# Outcasts Basics;;;;;;;;;;;;;;;
;;;;;;;;;;;;;;;
Breach Spike;A;;;3;B;;;;;Unleash twice. The player with the most prepped spells suffers 3 damage.;;Outcasts;1c;2;
Apocalypse Ritual;P;2;;3;B;;;Spend 8$.;;Gravehold suffers 5 damage for each nemesis turn order card in the turn order discard pile.;"""Don't forget, they use the same power our mages do, and they've got ages of experience on us."" - Ruya, Surface Scout";Outcasts;1c;3;
# Topple;A;;;3;B;;;;;Unleash twice. Gravehold suffers 4 damage.;;Outcasts;1c;4;
Nyx, The Spine Cruncher;M;14;;3;B;;;;;Unleash. Any player suffers 2 damage.;;Outcasts;1c;5;
Endless Torment;P;2;;3;B;;;Spend 8$.;;Unleash three times.#OR#Any player suffers 6 damage.;;Outcasts;1c;7;
# Throttle;A;;;3;B;;;;;Unleash twice. Any player destroys their three most expensive cards in hand.;;Outcasts;1c;9;
Darkening Depths;P;1;;3;B;;;Destroy a prepped spell that costs 3$ or more and a breach in which it was prepped.;;Unleash. The player with the lowest life suffers 3 damage.;;Outcasts;1c;10;
Wandering Observer;M;11;;2;B;;!Wandering;;;Gravehold suffers 2 damage.;;Outcasts;1c;13;
Toxic Subterfuge;P;3;;2;B;;When a power token is removed from this, Gravehold suffers 2 damage.;Spend 7$.;;Unleash.;"""Cut it off early. If our water's poisoned, we'll die in days instead of seconds."" - Ruya, Surface Scout";Outcasts;1c;15;
Suffocating Haze;P;3;;2;B;;Reduce by 1 all damage dealt to minions from the nemesis deck, to a minimum of 1.;;;Unleash twice. Gravehold suffers 2 damage.;"""If you don't like choking while you cast, then stay away."" - Ruya, Surface Scout";Outcasts;1c;17;
Chitin Crawler;M;9;;2;B;;Reduce to 1 all damage dealth to this by spells that cost 3$ or less.;;;Any player suffers 3 damage.#OR#Unleash.;;Outcasts;1c;18;
Conjured Grapple;A;;;2;B;;;;;Unleash twice. Any player suffers 2 damage and discards two cards in hand. That player gains a Cursed Manacles from the Curse deck and places it into their hand.;"""It only held me for a moment. I think it was meant for a mage. They'd probably get hit far harder."" - Ruya, Surface Scout";Outcasts;1c;20;
Marked for Death;A;;;2;B;;;;;Unleash twice. Place this card in front of any player.#For the rest of the game, when a nemesis card specifies 'any player', the player with this card must resolve that effect, if possible. When the player with this card becomes exhausted, discard this.;;Outcasts;1c;21;
Moonstruck Hound;M;5;;1;B;;Reduce to 1 all damage dealt to this minion by spells that cost 5$ or more.;;;Gravehold suffers 2 damage.;;Outcasts;1c;25;
Hemorrhage;A;;;1;B;;;;;Unleash. Gravehold suffers 1 damage. Place this in front of the player with the most opened breaches.#At the start of that player's turn, they suffer 1 damage. When that player gains a card that costs 5$ or more, this card is discarded. If there are no cards in the supply that cost 5$ or more, discard this when they gain a card with the highest cost in the supply.;;Outcasts;1c;26;
Wandering Lasher;M;6;;1;B;;!Wandering;;;Unleash.;;Outcasts;1c;27;
Aura Drain;P;2;;1;B;;When a power token is removed from this, any player suffers 2 damage.;Spend 5$.;;Unleash.;;Outcasts;1c;28;
Noxious Winds;P;2;;1;B;;;Spend 5$.;;Gravehold suffers 3 damage. Any player gains a Cursed Shard from the Curse deck. Any player gains a Cursed Bolt from the Curse deck.;"""Just standing there exhausted me. I didn't stick around to find out what else could happen."" - Ruya, Surface Scout";Outcasts;1c;29;
Haunted Force;P;2;;1;B;;;;;Unleash. Gravehold suffers 2 damage. Any player gains a Cursed Bolt from the Curse deck.;"""It's not just the wind. The stuff it's blowing, that's not sand and stone."" - Ruya, Surface Scout";Outcasts;1c;30;
Weeping Hex;A;;;1;B;;;;;Unleash. Any player suffers 2 damage, gains a Cursed Shard from the Curse deck, and places it on top of their deck.;;Outcasts;1c;31;
Withering Rot;A;;;1;B;;;;;Any player suffers 3 damage and gains a Curse of Rot from the Curse deck.;;Outcasts;1c;32;
;;;;;;;;;;;;;;;
# Promos;;;;;;;;;;;;;;;
;;;;;;;;;;;;;;;
Menace;A;;;1;B;;;;;The players collectively discard four cards.;"""Fear is a luxury no longer granted to the living."" - Brama, Breach Mage Mentor";Legacy (Kickstarter Exclusive);Promo;1;
Gravity Splinter;P;2;;2;B;;;Spend 7$.;;Unleash twice. The player with the fewest opened breaches suffers 3 damage.;"""In an instant, the breach went dark. The mage then collapsed, gasping as the creatures fell upon him."" - Nerva, Survivor";Legacy (Kickstarter Exclusive);Promo;2;
World Purge;P;2;;3;B;;;Spend 8$.;;Unleash three times.#OR#Gravehold suffers 7 damage.;"""We are lost."" - Ghan, Gem Scavenger";Legacy (Kickstarter Exclusive);Promo;3;
Glyph Enigma;M;7;;1;B;;;;;Gravehold suffers 1 damage. If the nemesis tier is 2 or higher, Gravehold suffers 2 additional damage.#(The nemesis tier is equal to the tier of the last nemesis card drawn.);;Legacy (Kickstarter Exclusive);Promo;5;
Decimate;A;;;1;B;;;;;Unleash twice and any player gains 2 charges.#OR#Gravehold suffers 4 damage.;"""The days seem shorter as we approach a war eternal."" - Nerva, Survivor";Legacy (Kickstarter Exclusive);Promo;12;
Spirit Cage;P;3;;1;B;;;Discard a card in hand that costs 5$ or more.;;Unleash twice. Any player discards a spell in hand.;;Legacy (Kickstarter Exclusive);Promo;13;
Baneful Crux;P;2;;2;B;;;Discard two cards in hand that each cost 4$ or more.;;Unleash twice. Gravehold suffers 3 damage.;"""The myriad faces of The Thrice-Dead Prophet seemed to stare at us at once, the way one does at insects clambering upon a wall."" - Mazahaedron, Henge Mystic";Legacy (Kickstarter Exclusive);Promo;14;
Negate;A;;;2;B;;;;;Unleash twice. Any player destroys their most expensive card in hand.#OR#Unleash twice. Gravehold suffers 3 damage.;;Legacy (Kickstarter Exclusive);Promo;15;
Gallowskulk;M;10;;3;B;;;;;The player with the lowest life suffers 3 damage.;;Legacy (Kickstarter Exclusive);Promo;16;
Unmake;A;;;3;B;;;;;Unleash twice. Any player destroys the top three cards of their deck and suffers 3 damage.;"""The Wraithmonger flailed, its ephemereal tentacle passing through a guard on the South Wall. And like that, he was gone. Not only from this world, but all worlds."" - Ohat, Dirt Merchant";Legacy (Kickstarter Exclusive);Promo;17;
;;;;;;;;;;;;;;;
# Special;;;;;;;;;;;;;;;
;;;;;;;;;;;;;;;
Curse of Rot;C;;;0;B;;;;;When this is in your hand, immediately either:#Discard this.#OR#Lose 3 charges to destroy this and draw a card.;Starts the game in the Curse deck.;Outcasts;1c;37;
;;;;;;;;;;;;;;;
# Upgraded tier 1 basics;;;;;;;;;;;;;;;
;;;;;;;;;;;;;;;
Waylay;A;;;1;E;;;;;Unleash twice. Gravehold suffers 1 damage for each player turn order card in the turn order discard pile.;;Legacy;E;9;
Skybound Leviathan;M;9;;1;E;;;;;Gravehold suffers 2 damage. Any player discards a card in hand.;;Legacy;E;33;
Disrupt;A;;;1;E;;;;;Unleash. [The player with the most charges/Any player] suffers 4 damage and gains 2 charges.;;Legacy;E;35;
Paralyze;A;;;1;E;;;;;Unleash. The player with the lowest life suffers 2 damage.;;Legacy;E;37;
Calamitous Bane;P;3;;1;E;;;[Any player] discard a card in hand that costs 3$ or more during their turn.;;Unleash. Any player suffers 3 damage. The players collectively discard three cards in hand.;;Legacy;E;49;
Unforeseen Collapse;P;2;;1;E;;;;;Unleash twice. [Any player] discards their most expensive prepped spell.;;Legacy;E;53;
Spine Reaper;M;2;4;1;E;;;;;Unleash. Any player suffers 2 damage.;;Legacy;E;55;
;;;;;;;;;;;;;;;
Wreck;A;;;1;U;;;;;Unleash twice. Gravehold suffers 1 damage.;;The New Age;2a;2;
Hissing Acid;P;3;;1;U;;;Spend 6$.;;Reveal the top card of the turn order deck. If it's a player turn order card, Unleash three times. Otherwise, any player suffers 5 damage.;;The New Age;3a;2;
Bane Commander;M;6;;1;U;;;;;Unleash. Any player suffers 1 damage.;;The New Age;4;2;
;;;;;;;;;;;;;;;
Rupture;A;;;1;U;;;;;Unleash. Any player suffers 4 damage.;;The Ancients;;83;
Furrow of Destruction;P;2;;1;U;;;Spend 6$.;;Unleash twice. Gravehold suffers 3 damage.;;The Ancients;;86;
;;;;;;;;;;;;;;;
Chaos Strike;A;;;1;U;;;;;Unleash. Gravehold suffers 4 damage. Any player gains a Cursed Shard from the Curse deck and places it on top of their deck.;;Outcasts;2a;12;
Rain of Devastation;P;2;;1;U;;;Spend 6$.;;Unleash twice. Any player suffers 3 damage.;;Outcasts;3a;24;
Labyrinth Wraith;M;6;;1;U;;!Wandering;;;Unleash. Any player suffers 1 damage.;;Outcasts;4;22;
;;;;;;;;;;;;;;;
Writhe;A;;;1;U;;;;;Unleash twice. Any player suffers 1 damage.;;Outcasts (Kickstarter Exclusive);Promo;117;
Bubbling Ruin;P;3;;1;U;;;Spend 6$.;;Unleash. Any player discards three cards in hand. Gravehold suffers 2 damage.;;Outcasts (Kickstarter Exclusive);Promo;118;
;;;;;;;;;;;;;;;
# Upgraded tier 2 basics;;;;;;;;;;;;;;;
;;;;;;;;;;;;;;;
Reap;A;;;2;E;;;;;Unleash twice. The player with the most charges loses 3 charges or suffers 3 damage.;;Legacy;Evolve;23;
Crushing Wave;P;2;;2;E;;;Spend 8$.;;Unleash twice. If Gravehold has 15 life or more, Gravehold suffers 6 damage. Otherwise, any player suffers 4 damage.;;Legacy;Evolve;39;
Dark Bond;P;2;;2;E;;;Spend 8$.;;Unleash twice. The player with the lowest life suffers 4 damage.;;Legacy;Evolve;45;
Humming Drones;M;9;2;2;E;;This minion can have any number of shield tokens.;;;This minion gains one shield token. [Any player] suffers damage equal to the number of shield tokens this minion has.;;Legacy;Evolve;59;
;;;;;;;;;;;;;;;
Separate;A;;;2;U;;;;;Unleash twice. Gravehold suffers 2 damage. The player with the most expensive prepped spell discards that spell.;;The New Age;2a;3;
Sky Tremor;P;1;;2;U;;;Spend 7$.;;Unleash twice. Gravehold suffers 4 damage.;;The New Age;2a;4;
Engulfing Madness;P;2;;2;U;;;Spend 8$.;;Unleash twice. Any player suffers 4 damage.;;The New Age;2a;5;
Marked;A;;;2;U;;;;;Unleash twice. The player with the lowest life suffers 3 damage.;;The New Age;3a;3;
Needle Doom;M;12;;2;U;;;;;Unleash. Gravehold suffers 2 damage.;;The New Age;4;3;
;;;;;;;;;;;;;;;
Howling Slayer;M;14;;2;U;;;;;Any player suffers 2 damage. Any player discards a card in hand.;;The Ancients;;84;
Mangle;A;;;2;U;;;;;The player with the most charges loses 3 charges and suffers 3 damage. A different player discards three cards in hand.;;The Ancients;;85;
;;;;;;;;;;;;;;;
Rescind;A;;;2;U;;;;;Unleash twice. The player with the most expensive prepped spell discards that spell and suffers 2 damage.;;Outcasts;2a;13;
Hunt the Weak;A;;;2;U;;;;;Any player suffers 3 damage. Gravehold suffers 3 damage.;;Outcasts;2a;14;
Silent Decay;P;2;;2;U;;;Spend 8$.;;Unleash twice. Gravehold suffers 3 damage. Any player gains a Cursed Bolt from the Curse deck and places it on top of their deck.;;Outcasts;2a;15;
Harbinger of Monstrosity;M;8;;2;U;;When a player deals damage to this minion, reduce that damage by 2, to a minimum of 1.;;;Gravehold suffers 2 damage. Any player discards a card in hand.;;Outcasts;3a;25;
Mage Devourer;M;11;;2;U;;When a player deals damage to this minion, the player with the most opened breaches suffers 1 damage.;;;Unleash. Gravehold suffers 1 damage.;;Outcasts;4;23;
;;;;;;;;;;;;;;;
Sweeping Blackness;A;;;2;U;;;;;Gravehold suffers 4 damage. Any player loses 2 charges and discards two cards in hand.;;Outcasts (Kickstarter Exclusive);Promo;119;
Twisting Flesh;P;1;;2;U;;;Spend 7$.;;Unleash twice. Any player suffers 3 damage. That player gains a Cursed Manacles from the Curse deck and places it on top of their deck.;;Outcasts (Kickstarter Exclusive);Promo;120;
;;;;;;;;;;;;;;;
# Upgraded tier 3 basics;;;;;;;;;;;;;;;
;;;;;;;;;;;;;;;
Maddening Eidolon;M;7;4;3;E;;;;;Unleash twice.;;Legacy;Evolve;15;
Facet Juggernaut;M;1;5;3;E;;;;;Gravehold suffers 1 damage. Gravehold suffers additional damage equal to the number of shield tokens this minion has.;;Legacy;Evolve;27;
;;;;;;;;;;;;;;;
# Sacrifice;A;;;3;U;;;;;Unleash four times.#OR#Gravehold suffers 4 damage and any player suffers 4 damage.;;The New Age;2a;6;
Eradicate;A;;;3;U;;;;;Unleash twice. Any player discards their three most expensive cards in hand.;;The New Age;2a;7;
# Ray of Desolation;P;1;;3;U;;;;;Unleash twice. The players collectively destroy the two most expensive prepped spells.;;The New Age;2a;8;
Flash of Decay;P;2;;3;U;;;;;Unleash twice. The player with the most expensive prepped spell destroys it. If that spell costs 4$ or less, or no spell was destroyed, Unleash.;;The New Age;3a;4;
Terrify;A;;;3;U;;;;;Unleash three times. Gravehold suffers 2 damage. Any player destroys two cards in hand.;;The New Age;3a;5;
Burialskulk;M;18;;3;U;;;;;Unleash twice.;;The New Age;4;4;
Thunderous Tempest;P;2;;3;U;;;Spend 9$.;;Unleash. If there are two nemesis turn order cards in the turn order discard pile, any player suffers 8 damage. Otherwise, any player suffers 5 damage.;;The New Age;4;5;
;;;;;;;;;;;;;;;
Sky Crush;A;;;3;U;;;;;Unleash three times. Any player destroys two cards in hand and suffers 2 damage.;;Outcasts;2a;16;
Scion of the Void;M;13;;3;U;;When a player deals damage to this minion, Unleash.;;;Unleash twice.;;Outcasts;2a;17;
Ray of Desolation;P;1;;3;U;;;;;Unleash twice. The players collectively destroy the two most expensive prepped spells.;;Outcasts;2a;18;
Sacrifice;A;;;3;U;;;;;Unleash four times.#OR#Gravehold suffers 4 damage and any player suffers 4 damage.;;Outcasts;3a;26;
Blighted Magic;P;2;;3;U;;;;;Unleash. The player with the most expensive prepped spell destroys it. A different player destroys two cards in hand that cost 1$ or more.;;Outcasts;3a;27;
Scour;A;;;3;U;;;;;Unleash three times. The player with the most expensive card in hand discards their three most expensive cards in hand.;;Outcasts;4;24;
Blackened Stars;P;2;;3;U;;;Spend 9$.;;Any player suffers 7 damage.;;Outcasts;4;25;
;;;;;;;;;;;;;;;
# Nemesis-specific cards;;;;;;;;;;;;;;;
;;;;;;;;;;;;;;;
# Aeon's End / Wave 1 nemesis cards;;;;;;;;;;;;;;;
;;;;;;;;;;;;;;;
Broodwomb;M;5;;1;Carapace Queen;;If there is at least one husk in play, prevent all damage dealt to this minion.;;;Place a husk in play.;It is the husk-mother, spewing multitudes through the void into Gravehold.;Aeon's End;;226;
Endless Throng;A;;;1;Carapace Queen;;;;;Carapace Queen Swarms.;"""The Queen, she is the worst of their foul lot, for her young are without number."" - Mist, Breach Mage Dagger Captain";Aeon's End;;227;
Hatch;A;;;1;Carapace Queen;;;;;Place a husk into play for each turn order card in the turn order discard pile.;The Queen wears her offspring like some writhing armor.;Aeon's End;;228;
Blot the Sun;P;2;;2;Carapace Queen;;;Lose 4 charges.;;Carapace Queen Swarms. Unleash. Carapace Queen Swarms.;"""Were we still in The World That Was, these wretched things would envelop the very sky."" - Malastar, Breach Mage Mentor";Aeon's End;;229;
Foul Multitudes;P;3;;2;Carapace Queen;;Husks have 2 life. Damaged husks heal to full life at the end of each turn.;;Unleash.;Carapace Queen Swarms.;It took the survivors of Gravehold half-a-moon to shovel up the dead husks and carry them into the depths, where they now lie in piles high enough to touch the tops of the cave vaults.;Aeon's End;;230;
Infest;A;;;2;Carapace Queen;;;;;Carapace Queen Swarms twice.#OR#Any player suffers 4 damage.;"""Husks are easy enough to dispatch... one on one, that is."" - Lash, Breach Mage Scout";Aeon's End;;231;
Legion Beacon;P;2;;3;Carapace Queen;;;;Unleash twice.;Discard half of the husks in play, rounded up. Gravehold suffers 2 damage for each husks discarded this way. Carapace Queen Swarms.;Gravehold knows when the Queen is near, for the claxon call of her legions echoes throughout the cave.;Aeon's End;;232;
Maggot Engine;M;0;;3;Carapace Queen;;;;Unleash three times. Then, set this minion's life equal to twice the number of husks in play.;Carapace Queen Swarms.;"""Which end is the head?"" - Nym, Breach Apprentice";Aeon's End;;233;
Spawn;A;;;3;Carapace Queen;;;;;Carapace Queen Swarms. Unleash. Carapace Queen Swarms.;"""The sound of the things, skittering across the cave walls, is loud enough to drown our screams."" - Nerva, Survivor";Aeon's End;;234;
;;;;;;;;;;;;;;;
Burden;A;;;1;Crooked Mask;;;;;The players collectively gain two corruptions and place them on top of their decks. Any player focuses a breach.;"""It's the only thing that smiles more than me."" - Lash, Breach Mage Scout";Aeon's End;;235;
Corrupter;M;6;;1;Crooked Mask;;When this minion suffers damage, the player who dealt that damage gains a corruption and places it on top of their deck.;;;Gravehold suffers 1 damage.;The Corrupters are but a shadow of the Crooked Mask, bringing madness to all that have endured its pollution.;Aeon's End;;236;
Tempt;A;;;1;Crooked Mask;;;;;The player with the most Crystals in hand discards all of their Crystals, suffers 3 damage, and gains a card from any supply pile that costs 4$ or less.;There is a dust that fills the air when a hole is torn through the wall of the world. For some it is just that, dust. But for others, it warps the mind and grants strange power.;Aeon's End;;237;
Pain Sower;M;11;;2;Crooked Mask;;;;;Any player suffers 2 damage. A different player focuses a breach.;"""Even its beasts seem to delight in lunacy."" - Brama, Breach Mage Elder";Aeon's End;;238;
Twisting Madness;P;2;;2;Crooked Mask;;;Discard four cards in hand and draw one card.;;Gravehold gains 3 life. Crooked Mask gains 13 life.;"""Is it laughing at us?"" - Nym, Breach Apprentice";Aeon's End;;239;
Vex;A;;;2;Crooked Mask;;;;;Discard the top two cards of the nemesis deck. For each tier 3 nemesis card discarded this way, Gravehold suffers 4 damage.;"""It is one thing to swing a sword or beckon flame from the void. But it is another act indeed to fight blinding madness from within."" - Brama, Breach Mage Elder";Aeon's End;;240;
Afflict;A;;;3;Crooked Mask;;;;;Two different players each gain two corruptions and place them on top of their decks. Each of those player gains 1 life.;"""It was as if a whisper echoed behind my eyes, tempting me to stray into the raw abyss,"" - Xaxos, Breach Mage Adept";Aeon's End;;241;
Bedlam Sage;M;14;;3;Crooked Mask;;;;;Gravehold gains 2 life. The player with the most life suffers 3 damage.;"""Employing a complex stratagem against such an unpredictable foe is beyond foolish. Instinct is our only and best weapon."" - Mist, Breach Mage Dagger Captain";Aeon's End;;242;
Ruin Priest;M;17;;3;Crooked Mask;;;;;Any player discards three non-corruption cards. That player gains three corruptions and places them into their hand.;"""In the dark, there is a light. And in madness, there is reason."" - Xaxos, Breach Mage Adept";Aeon's End;;243;
Blind Abandon;N;;;0;Crooked Mask;;;;;Suffer 1 damage. You may destroy a non-corruption card in hand. Destroy this.;"""Our lives matter not in the end. We are mere fodder to these beings, an inconvenient obstacle, no more. What matters is that we take them with us when we go back to oblivion."" - Z'hana, Breach Mage Renegade";Aeon's End;;244;
Contagion;N;;;0;Crooked Mask;;;;;Suffer 1 damage. Return any card that costs 0$ in your discard pile to your hand. Destroy this.;The Crooked Mask brings a sickness that spreads, like black wings, across a mage's mind.;Aeon's End;;245;
Delirium Veil;N;;;0;Crooked Mask;;;;;Gravehold suffers 2 damage. Focus a breach. Destroy this.;The Crooked Mask grants a power too vast to be contained.;Aeon's End;;246;
Dire Wisdom;N;;;0;Crooked Mask;;;;;Gain a spell from any spell supply pile. Gain three corruptions and place them on top of your deck. Destroy this.;The Crooked Mask enhances magical abilities even as it scatters the wits.;Aeon's End;;247;
Endless Hunger;N;;;0;Crooked Mask;;;;;Gravehold suffers 3 damage. Gain 2 life. Destroy this.;The Crooked Mask bestows an empty greed that cannot be slaked.;Aeon's End;;248;
Fever of War;N;;;0;Crooked Mask;;;;;Suffer 1 damage. Deal 2 damage. Destroy this.;The Crooked Mask preaches pain as a virtue.;Aeon's End;;249;
Grim Sight;N;;;0;Crooked Mask;;;;;Gravehold suffers 2 damage. Reveal the top card of your deck. You may destroy it. Destroy this.;The Crooked Mask guides all toward oblivion.;Aeon's End;;250;
Insatiable Avarice;N;;;0;Crooked Mask;;;;;Suffer 2 damage. Gain a gem from the least expensive supply pile and place it into your hand. Destroy this.;The Crooked Mask blesses the covetous.;Aeon's End;;251;
Lust for Power;N;;;0;Crooked Mask;;;;;Suffer 1 damage. Gain 1 charge. Destroy this.;The Crooked Mask venerates those who wield destruction.;Aeon's End;;252;
Nothingness;N;;;0;Crooked Mask;;;;;Discard two non-corruption cards. Suffers 2 damage. Shuffle any player's turn order card into the turn order deck. Destroy this.;The Crooked Mask shackles the self.;Aeon's End;;253;
Reckless Might;N;;;0;Crooked Mask;;;;;Gain a relic from any relic supply pile and place it on top of your deck. Suffer damage equal to half its cost, rounded up. Destroy this.;The Crooked Mask consumes our fear of extermination.;Aeon's End;;254;
;;;;;;;;;;;;;;;
Gorge;A;;;1;Prince of Gluttons;;;;;Devour two cards from the second most expensive gem supply pile. Any player suffers 2 damage.;"""So much of our history was lost in the first Purge. Aeons of knowledge, art, and culture erased. It has been so very long that we know not even the true name of The World That Was."" - Brama, Breach Mage Elder";Aeon's End;;255;
Lobotomize;A;;;1;Prince of Gluttons;;;;;Any player suffers 3 damage.#OR#Devour three spells from any spell supply pile.;"""I saw the woman's eyes empty and everything she was fall away into nothing."" - Nerva, Survivor";Aeon's End;;256;
Thought Biter;M;6;;1;Prince of Gluttons;;;;;Any player suffers 2 damage.#OR#Devour two relics from the least expensive relic supply pile.;"""Is it eating the cave wall?"" - Nym, Breach Apprentice";Aeon's End;;257;
Cerephage;M;7;;2;Prince of Gluttons;;;;;Devour cards equal to this minion's life from one supply pile. Then, this minion suffers 2 damage.;"""Quickly. Before our heads are hollow."" - Adelheim, Breach Mage Weaponsmith";Aeon's End;;258;
Godfeeders;M;8;;2;Prince of Gluttons;;;;;Gravehold suffers 3 damage. Devour a gem from the most expensive gem supply pile.;The Prince exploits these creatures to both mend its wounds and sate its hunger.;Aeon's End;;259;
Mindguzzler;M;0;;2;Prince of Gluttons;;;;Set this minion's life equal to 8 plus the number of empty supply piles.;Unleash.;;Aeon's End;;260;
Digest;A;;;3;Prince of Gluttons;;;;;Unleash three times.#OR#Any player suffers damage equal to the number of empty supply piles.;The Prince feasts on the memories of those left in Gravehold, consuming their very histories.;Aeon's End;;261;
Memory Eater;M;16;;3;Prince of Gluttons;;;;;The player with the lowest life suffers damage equal to the number of empty supply piles.;"""Sometimes I think it a blessing to have forgotten so much of my past."" - Phaedraxa, Breach Mage Seer";Aeon's End;;262;
Vile Feast;P;2;;3;Prince of Gluttons;;;Spend 8$.;;Gravehold suffers 2 damage for each empty supply pile.;"""It aims to make us forget what is at stake."" - Malastar, Breach Mage Mentor";Aeon's End;;263;
;;;;;;;;;;;;;;;
Cleave;A;;;1;Rageborne;;;;;Rageborne Strikes.;Thraxir was breach commander for as long as most could remember. To honor him, to this very day no man or woman has been elected to the post in his stead.;Aeon's End;;264;
Provoker;M;5;;1;Rageborne;;;;;Gravehold suffers damage equal to the number of Fury tokens Rageborne has.;"""I nearly wasted a freshly forged chopper on one of these things."" - Reeve, Breach Mage Elite";Aeon's End;;265;
Unrelenting Ire;A;;;1;Rageborne;;;;;Unleash. If there are two nemesis turn order cards in the turn order discard pile, Unleash two additional times.;"""I reckon its head would look good on a post."" - Reeve, Breach Mage Elite";Aeon's End;;266;
Blood Cry;P;2;;2;Rageborne;;;Lose 4 charges.;;Unleash four times.;The cave walls crumble and quake as it bellows to its kin.;Aeon's End;;267;
Invoke Carnage;P;2;;2;Rageborne;;;Spend 7$.;;Unleash. Any player suffers 1 damage. That player suffers 1 additional damage for each Fury token Rageborne has.;"""There is but a single power among The Nameless that can shatter Gravehold."" - Brama, Breach Mage Elder";Aeon's End;;268;
Scorn;M;9;;2;Rageborne;;;;;Gravehold suffers 3 damage.#OR#Unleash twice.;"""Part of me almost admires the craftmanship of this horrible thing."" - Adelheim, Breach Mage Weaponsmith";Aeon's End;;269;
Avatar of Wrath;M;16;;3;Rageborne;;;;;Rageborne Strikes.;Many a mage found their end in the gullet of this beast.;Aeon's End;;270;
Onslaught;A;;;3;Rageborne;;;;;Unleash three times. The players collectively discard cards in hand equal to the number of Fury tokens Rageborne has.;Even its shadow leaves a wake of carnage, smoke, and screams.;Aeon's End;;271;
Rolling Death;P;2;;3;Rageborne;;;Spend 8$.;;Rageborne Strikes twice.;"""Its breath rasped as it turned the black rocks red. And those who could, ran."" - Nerva, Survivor";Aeon's End;;272;
Convoke;K;;;0;Rageborne;;;;;Any player suffers 4 damage.;"""No other thing, in our world or theirs, has been so violent as this beast."" - Brama, Breach Mage Elder";Aeon's End;;273;
Devastate;K;;;0;Rageborne;;;;;Gravehold suffers 5 damage.;"""Anger is born in fire."" - Z'hana, Breach Mage Renegade";Aeon's End;;274;
Eviscerate;K;;;0;Rageborne;;;;;The player with the lowest life suffers 2 damage.;"""The breach commander Thraxir was split in twain with a single blow, his armor twisted and glowing like a brand. I have never seen such a thing before or since."" - Mist, Breach Mage Dagger Captain";Aeon's End;;275;
Frenzy;K;;;0;Rageborne;;;;;The player with the most opened breaches suffers 3 damage.;"""All great armies have a warrior that is feared above all others. We call theirs Rageborne."" - Mist, Breach Mage Dagger Captain";Aeon's End;;276;
Raze;K;;;0;Rageborne;;;;;Gravehold suffers 3 damage. Any player suffers 1 damage.;"""The fire spread from the old barracks to the south wall in a moment, the ancient stone hissing and turning black as the beast strode through the city."" - Nerva, Survivor";Aeon's End;;277;
Seize;K;;;0;Rageborne;;;;;The players collectively discard the two most expensive prepped spells.;"""How this cave has not long ago collapsed is a wonder and a mercy."" - Nerva, Survivor";Aeon's End;;278;
;;;;;;;;;;;;;;;
Crushing Masses;P;2;;1;Horde-Crone;;;;;If there are no troggs in play, Unleash twice. Otherwise, Gravehold suffers 2 damage for each trogg in play.;"""If only they knew they were our forefathers, perhaps they would relent."" - Brama, Breach Mage Elder";The Depths;;46;
Night Raid;A;;;1;Horde-Crone;;;;;Unleash twice. Then, discard a trogg in play.;"""They wait until we slumber, slithering through the caves without a sound."" - Ohat, Dirt Merchant";The Depths;;47;
Overwhelm;A;;;1;Horde-Crone;;;;;Unleash. The players collectively discard gems equal to the number of troggs in play.;In The World That Was, there were myths of ancients, now lost to us, that walked the primordial wastes. They built Gravehold as a sanctuary from the chaos. The elders called them troggs.;The Depths;;48;
Horde Hybrid;M;7;;2;Horde-Crone;;;;Unleash. This minion becomes a trogg of the type that has the most of its type in play. When this is discarded, place it in Horde-Crone's discard pile.;;;The Depths;;49;
Rabid Hysteria;P;2;;2;Horde-Crone;;;;Unleash twice.;Any player suffers 1 damage for each trogg in play.;"""They're rather making a mess of this home they want so badly."" - Lash, Breach Mage Scout";The Depths;;50;
Servitude to Evil;P;2;;2;Horde-Crone;;;Spend 7$.;;Unleash four times. Then, discard two troggs in play.;"""One need only look in their hollow eyes to know their aim."" - Adelheim, Breach Mage Weaponsmith";The Depths;;51;
Besiege;A;;;3;Horde-Crone;;;;;Unleash twice. If there are three or fewer troggs in play, Unleash again until there are four troggs in play.;The Horde-Crone has stirred the lost tribes from the bones of memory with a new, single-minded purpose: to reclaim Gravehold.;The Depths;;52;
Underworld Totem;M;12;;3;Horde-Crone;;When a player deals damage, that player must deal damage to a trogg if there are any troggs in play.;;Unleash twice.;Unleash twice.;The Troggs wandered the caves for aeons. Deep within the rock and shadow, they found their deity sleeping.;The Depths;;53;
Wreak Havoc;A;;;3;Horde-Crone;;;;;Unleash twice. Resolve the effect of each of the troggs placed into play by this card one additional time.;"""As long as they bleed..."" - Reeve, Breach Mage Elite";The Depths;;54;
Orp;M;2;;0;Horde-Crone;;#2 Orps: Gravehold suffers 2 damage.#3 Orps: Gravehold suffers 3 damage.#4 Orps: Gravehold suffers 5 damage. Discard all Orps.#;;;;;The Depths;;55;58
Yud;M;2;;0;Horde-Crone;;#2 Yuds: Any player suffers 2 damage.#3 Yuds: Any player suffers 3 damage.#4 Yuds: The player with the lowest life suffers 4 damage. Discard all Yuds.#;;;;;The Depths;;59;62
Zom;M;2;;0;Horde-Crone;;#2 Zoms: The player with the lowest life suffers 1 damage.#3 Zoms: Any player discards 3 cards.#4 Zoms: Gravehold suffers 1 damage for each trogg in play. Discard all Zoms.#;;;;;The Depths;;63;66
;;;;;;;;;;;;;;;
Creeping Viridian;P;3;;1;Blight Lord;;;Spend 7$.;;Any player gains a Tainted Jade and places it in their hand. Advance the Tainted Track.;"""Just outside the city walls there are men and women, frozen in green horror, like monuments to the Blight Lord's coming."" - Z'hana, Breach Mage Renegade";The Nameless;;39;
Shard Spitter;M;5;;1;Blight Lord;;;;;Gravehold suffers 2 damage. Any player gains a Tainted Jade and places it on top of their deck.;"""Renny Mumbast lost both eyes to these wretched things. So now, when the warning bells sound the Blight Lord's call, we wear goggles."" - Mist, Breach Mage Dagger Captain";The Nameless;;40;
Vitrify;A;;;1;Blight Lord;;;;;The players collectively gain two Tainted Jades and place them into their hands.;The elders of Gravehold thought it wise to pave the streets of the dirt market in tumbled breach glass.;The Nameless;;41;
Dread Plinth;P;2;;2;Blight Lord;;;Spend 8$.;;Advance the Tainted Track twice.;"""If it just touches your arm, count yourself lucky. Just chop the limb off before it's too late."" - Reeve, Breach Mage Elite";The Nameless;;42;
Ossify;A;;;2;Blight Lord;;;;;The players collectively gain three Tainted Jades and place them on top of their decks.;The Blight Lord's touch is enough to crystallize anything, living or otherwise.;The Nameless;;43;
Verdigra;M;9;;2;Blight Lord;;;;;Any player suffers 3 damage. If this minion has 8 or less life, advance the Tainted Track.;"""It's great that they shatter so easily, but not so much when they explode."" - Lash, Breach Mage Scout";The Nameless;;44;
Glittering Doom;P;2;;3;Blight Lord;;;Spend 8$.;;Any player discards three cards in hand and then gains three Tainted Jades and places them into their hand.;"""Malastar is convinced The Nameless seek to change us and then harvest us for some soul purpose."" - Brama, Breach Mage Elder";The Nameless;;45;
Petrify;A;;;3;Blight Lord;;;;;Advance the Tainted Track twice.#OR#Gravehold suffers 8 damage.;"""The elders say all worlds are born of dust. Perhaps it is fitting that we return to such."" - Xaxos, Breach Mage Adept";The Nameless;;46;
Slag Horror;M;18;;3;Blight Lord;;;;;Any player gains two Tainted Jades. Advance the Tainted Track.;"The Nameless bring with them legions of monstrosities. But the Blight Lord's favorites are the ones he breathes to life from the cave walls."" - Kadir, Breach Mage Delver";The Nameless;;47;
;;;;;;;;;;;;;;;
Blinking Terror;M;6;;1;Wayward One;;This minion is aligned to III.;;;Any player loses 1 charge or suffers 2 damage.;The Wayward One is a shepherd of sorts, guiding an army of lost horrors.;The Nameless;;56;
Irradiate;A;;;1;Wayward One;;;;;Any player suffers 2 damage. Any player discards a misaligned prepped spell.;After the Wayward One had wandered back through the breach, the survivors of Gravehold were afflicted with strange maladies. One poor boy seemed to shift out of the world, only to return, screaming, hours later.;The Nameless;;57;
Quantum Maze;P;2;;1;Wayward One;;;;;If any player has an aligned spell, a player with an aligned spell suffers 5 damage.;"""It is the Void and everything within it."" - Brama, Breach Mage Elder";The Nameless;;58;
Feedback Coil;P;2;;2;Wayward One;;;Spend 7$.;;The player with the most misaligned prepped spells suffers 3 damage and discards two cards.;"""It seems trapped between their world and ours, not quite belonging to either."" - Xaxos, Breach Mage Adept";The Nameless;;59;
Fractured Nebula;P;2;;2;Wayward One;;;;;Shift Wayward One to IV. Gravehold suffers 8 damage. The players may collectively discard up to 2 aligned spells. For each spell discarded this way, prevent 4 of that damage.;"""Within its twisted form, I saw the ragged teeth of infinity."" - Xaxos, Breach Mage Adept";The Nameless;;60;
Warper;M;9;;2;Wayward One;;This minion is aligned to IV. When a player deals damage, that player must deal damage to this minion.;;;;"""How is this thing still alive?"" - Nym, Breach Apprentice";The Nameless;;61;
Aether Flux;P;2;;3;Wayward One;;;;;If any player has two or more misaligned spells, a player with or more misaligned prepped spells suffers 7 damage.;"""It is a being lost in agony as much as it is a monster."" - Xaxos, Breach Mage Adept";The Nameless;;62;
Netherspawn;M;15;;3;Wayward One;;This minion is aligned to II. Prevent all damage dealt to Wayward One.;;;Any player destroys a breach. Gravehold suffers 4 damage.;The Wayward One differs from the others in many ways, but its odd beasts are lethal nonetheless.;The Nameless;;63;
Shunt;A;;;3;Wayward One;;;;;Any player suffers 5 damage.#OR#The player with the most prepped spells destroys all of their prepped spells.;There are charred bones fused with the cave floor, all that is left from those it has touched.;The Nameless;;64;
;;;;;;;;;;;;;;;
# War Eternal / Wave 2 nemesis cards;;;;;;;;;;;;;;;
;;;;;;;;;;;;;;;
Deep Abomination;M;6;;1;Gate Witch;;;;;Each Player suffers 1 damage for each turn order card that player has in the turn order discard pile.;It is said that each abomination is but the same creature from across all worlds twisted into a single form.;War Eternal;;230;
Hasten;A;;;1;Gate Witch;;;;;Any player suffers damage equal to the number of nemesis tokens Gate Witch has. Unleash. Place this card on the bottom of the nemesis deck.;"""Time is The Witch's domain, the one thing we have so little left."" - Gex, Breach Mage Adviser";War Eternal;;231;
Temporal Nimbus;P;3;;1;Gate Witch;;;Spend 6$.;;Unleash. Gate Witch draws an additional card during the nemesis draw phase this turn.;;War Eternal;;232;
Nether Spiral;P;3;;2;Gate Witch;;;Spend 7$.;;Choose any player's turn order card in the turn order discard pile. Shuffle the rest of the turn order cards into the turn order deck.;"""Within the void, there are infinite spirals of worlds. Some are unborn, others are thriving. But there is a dead light in some that have been claimed by The Nameless."" - Yan Magda, Enlightened Exile";War Eternal;;233;
Paradox Beast;M;8;;2;Gate Witch;;;;;Gravehold suffers damage equal to the number of nemesis tokens Gate Witch has.;"""It moves between time and space, too quick for the eye and harder yet to strike."" - Remnant, Aethereal Entity";War Eternal;;234;
Portal Wretch;M;8;;2;Gate Witch;;When this minion is discarded from play, shuffle a nemesis turn order card into the turn order deck.;;;The player with the most charges suffers 2 damage.;;War Eternal;;235;
Distort;A;;;3;Gate Witch;;;;;Unleash. Reveal the top card of the turn order deck. If a player turn order card is revealed, discard it. Otherwise, Gravehold suffers 5 damage. Place this card on the bottom of the nemesis deck.;"""Being pushed out of time is a painful ordeal even for me."" - Remnant, Aethereal Entity";War Eternal;;236;
Infinite Enmity;P;2;;3;Gate Witch;;;Spend 8$.;;Unleash until Gate Witch has six nemesis tokens. Place this card on the bottom of the nemesis deck.;"""Countless times we have won. And countless more we have lost."" - Mazahaedron, Henge Mystic";War Eternal;;237;
Rift Scourge;M;13;;3;Gate Witch;;When this minion is discarded from play or the nemesis deck, place it on the bottom of the nemesis deck.;;;Any player suffers 4 damage.;"""It lives outside of time and therefore cannot be slain."" - Garu, Oathsworn Protector";War Eternal;;238;
;;;;;;;;;;;;;;;
Beseech;A;;;1;Hollow Crown;;;;;Place the acolyte in play with the lowest life on the bottom of the acolyte deck. Draw an acolyte. Unleash.;The Hollow Crown gestured to the acolyte, who removed its mask and walked into the blinding light within the breach.;War Eternal;;239;
Enslave;A;;;1;Hollow Crown;;;;;Resolve the Blood Magic effect of each acolyte in play without those acolytes suffering damage from their Blood Magic effects.;It has but one weapon: blind obedience.;War Eternal;;240;
Thronewatch;M;6;;1;Hollow Crown;;;;;Resolve the Blood Magic effect of the acolyte with the lowest life. That acolyte suffers 1 additional damage.;;War Eternal;;241;
Ascend;A;;;2;Hollow Crown;;;;;Unleash. The acolyte with the lowest life gains 10 life. Resolve that acolyte's Blood Magic effect.;"""Perhaps it is not our doom, Brama. Perhaps it is our very maker."" - Xaxos, Voidbringer";War Eternal;;242;
Infernal Domain;P;2;;2;Hollow Crown;;;Spend 8$.;;Draw an acolyte. Resolve the Blood Magic effect of each acolute in play without those acolytes suffering damage from their Blood Magic effects.;;War Eternal;;243;
Reign;A;;;2;Hollow Crown;;;;;Resolve the Blood Magic effect of the acolyte with the most life. That acolyte suffers 6 additional damage. Unleash twice.;As it passed through the city, men and women dropped to their knees faithfully, their eyes heavy with tears of awe.;War Eternal;;244;
Dominate;A;;;3;Hollow Crown;;;;;Resolve the Blood Magic effect of each acolyte in play without those acolytes suffering damage from their Blood Magic effects. Repeat this one additional time.;"""Behind their masks is nothing, youngling. They have made their choice."" - Gex, Breach Mage Adviser";War Eternal;;245;
Nameless Faith;P;1;;3;Hollow Crown;;;Spend 8$.;;Shuffle the two most recently discarded acolytes in the acolyte discard into the acolyte deck. Resolve the Blood Magic effect of each acolyte in play without those acolytes suffering damage from their Blood Magic effects.;;War Eternal;;246;
Viscera Bride;M;18;;3;Hollow Crown;;;;;The acolyte with the lowest life gains 10 life. Resolve that acolyte's Blood Magic effect twice.;"""All kinds must have a queen."" - Dezmodia, Voidborn Prodigy";War Eternal;;247;
Bezu;Y;11;;0;Hollow Crown;;;;;Gravehold and this minion suffer 1 damage for each spell prepped by the player with the most prepped spells.;"""We find wisdom in their great cruelty""";War Eternal;;248;
Edryss Tragg;Y;11;;0;Hollow Crown;;;;;Any player suffers 2 damage. Then, if that player has 5 life or less, this minion suffers 2 damage.;"""We become that which is most feared.""";War Eternal;;249;
Holadran;Y;11;;0;Hollow Crown;;;;;Two different players each suffer 1 damage.;"""We renounce our existence behind each mask.""";War Eternal;;250;
Kurgax;Y;11;;0;Hollow Crown;;;;;Gravehold suffers 1 damage. Any player suffers 1 damage.;"""We hunger to be nothing.""";War Eternal;;251;
Lurzan;Y;11;;0;Hollow Crown;;;;;The player with the lowest life suffers 1 damage.;"""We cull the weak to feed the worthy.""";War Eternal;;252;
Mord;Y;11;;0;Hollow Crown;;;;;Gravehold suffers 3 damage.#OR#Any player loses 1 charge, Gravehold suffers 1 damage, and this minion suffers 1 damage.;"""We wipe the sister-words from our tongues to taste oblivion.""";War Eternal;;253;
Nhavkalas;Y;11;;0;Hollow Crown;;;;;Gravehold suffers 3 damage. This minion suffers 1 damage.;"""We cast aside the haven that has become our shackle.""";War Eternal;;254;
Ren-Goda;Y;11;;0;Hollow Crown;;;;;Any player suffers 2 damage.#OR#Any player suffers 1 damage and discards their most expensive card in hand.;"""We honor the void in blood.""";War Eternal;;255;
Solara;Y;11;;0;Hollow Crown;;;;;Any player discards 2 cards in hand. This minion suffers 3 damage.;"""We wield the breach in reverance to those from beyond it.""";War Eternal;;256;
;;;;;;;;;;;;;;;
Dusk Spawn;M;5;;1;Magus of Cloaks;;When this minion is dealt damage, Magus of Cleaks gains one nemesis token.;;;Any player loses 1 charge or suffers 2 damage.;"""It is shadow, given form and cruelty."" - Mazahaedron, Henge Mystic";War Eternal;;257;
Rising Dark;P;3;;1;Magus of Cloaks;;When Magus of Cloaks is dealt damage, discard this.;;;Unleash. Any player suffers 3 damage. Any player destroys a prepped spell that costs 0$.;"""Worlds are born and die in dark."" - Yan Magda, Enlightened Exile";War Eternal;;258;
Twilight Empire;P;3;;1;Magus of Cloaks;;;;;Gravehold suffers damage equal to the number of nemesis tokens Magus of Cloaks has. Then, Magus of Cloaks gains one nemesis token.;;War Eternal;;259;
Ashen Haruspex;M;5;;2;Magus of Cloaks;;When this minion is dealt damage, prevent 2 of that damage.;;;Any player suffers damage equal to half the number of nemesis tokens Magus of Cloaks has, rounded up.;"""If any among us can kill the dark itself, it is Quilius."" - Garu, Oathsworn Protector";War Eternal;;260;
Black Solstice;P;2;;2;Magus of Cloaks;;When Magus of Cloaks is dealt damage, discard this.;;;Unleash twice. Any player suffers 3 damage and discards a prepped spell.;"""I could not tell if Ulgimor was afraid or simply angry. Can a shadow feel such things?"" - Ohat, Dirt Merchant";War Eternal;;261;
Enshroud;A;;;2;Magus of Cloaks;;;;;Magus of Cloaks gains four nemesis tokens. The players collectively destroy two prepped spells that cost 0$.;"""The shadows rose and swallowed what little light there was."" - Ohat, Dirt Merchant";War Eternal;;262;
Eclipse;A;;;3;Magus of Cloaks;;;;;Magus of Cloaks gains five nemesis tokens. The player with the most expensive prepped spell destroys that spell and suffers 2 damage.;"""We live in darkness, but they thrive in it."" - Mist, Voidwalker";War Eternal;;263;
Shadow's Reach;P;9;;3;Magus of Cloaks;;;;Magus of Cloaks gains four nemesis tokens.;Magus of Cloaks reaches its final form. Humanity is wiped out. The players lose the game.;"""What little light we have shall be smothered in the end."" - Nerva, Survivor";War Eternal;;264;
Veil Daughter;M;11;;3;Magus of Cloaks;;When this minion is dealt damage, reduce that damage by the number of nemesis tokens Magus of Cloaks has.;;;The player with the most charges suffers 4 damage.;"""Where Ulgimor is merely a beast of shadow, the Veil Daughter is a darkling goddess."" - Dezmodia, Voidborn Prodigy";War Eternal;;265;
;;;;;;;;;;;;;;;
Cryptid;M;6;;1;Umbra Titan;;;;;The player with the most expensive prepped spell discards that spell.#OR#Umbra Titan loses one nemesis token.;"""The beasts of this cave seem to revere The Titan as though it were some ancient god."" - Mazahaedron, Henge Mystic";War Eternal;;266;
Grubber;M;5;;1;Umbra Titan;;;;;If the nemesis has two turn order cards in the turn order discard pile, Umbra Titan loses one nemesis token. Otherwise, Gravehold suffers 2 damage.;"""Kick it, stab it, burn it... the thing just keeps grinning."" - Sparrow, Breach Mage Soldier";War Eternal;;267;
Seismic Roar;P;3;;1;Umbra Titan;;;Spend 6$.;;Umbra Titan loses two nemesis tokens.;"""I roared as it bore through the rock. And Gravehold shuddered like those within its walls."" - Nerva, Survivor";War Eternal;;268;
Maul;A;;;2;Umbra Titan;;;;;The players collectively destroy the two most expensive prepped spells.#OR#Umbra Titan loses two nemesis tokens.;;War Eternal;;269;
Tombfright;M;8;;2;Umbra Titan;;;;;If Umbra Titan has 5 or more nemesis tokens, it loses a nemesis token. Otherwise, Gravehold suffers 3 damage.;"""With two heads, it's twice as eager to make a meal of a mage."" - Sparrow, Breach Mage Soldier";War Eternal;;270;
Vault Behemoth;M;9;;2;Umbra Titan;;;;;Any player suffers 2 damage. If this minion has 8 or less life, Umbra Titan loses one nemesis token.;The air rasping in its massive lungs is enough to burst your eardrums.;War Eternal;;271;
Crumble;A;;;3;Umbra Titan;;;;;Umbra Titan loses three nemesis tokens.#OR#Unleash. Place the most recently discarded minion in the nemesis discard pile back into play.;;War Eternal;;272;
Demi-Ancient;M;18;;3;Umbra Titan;;;;;Umbra Titan loses one nemesis token.;"""In the time before ours, their kind thrived in the tumult of the fledgling world. Now, they seek a new home among The Nameless."" - Mazahaedron, Henge Mystic";War Eternal;;273;
Yawning Black;P;2;;3;Umbra Titan;;;Spend 8$.;;Any player suffers 6 damage.#OR#Umbra Titan loses three nemesis tokens.;The Titan hides beneath the skin of the cave, emerging only to strike.;War Eternal;;274;
;;;;;;;;;;;;;;;
Fellblade;M;6;;1;Knight of Shackles;;;;;Gravehold suffers 3 damage.#OR#Knight of Shackles focuses its breach II.;"""Dirt is precious here, so we bury our dead in the darkness of The Depths. Or so we thought..."" - Ohat, Dirt Merchant";The Void;;45;
March on Gravehold;P;2;;1;Knight of Shackles;;;Lose 4 charges.;;If Knight of Shackles's breach I is open, any player suffers 4 damage. Otherwise, Unleash twice.;;The Void;;46;
Siege;A;;;1;Knight of Shackles;;;;;Unleash twice. Any player focuses their breach III.;"""Only a breach mage would know Gravehold so well."" - Gex, Breach Mage Adviser";The Void;;47;
Chainsworn;M;10;;2;Knight of Shackles;;;;Knight of Shackles focuses its breach III.;Any player suffers 1 damage. That player suffers 1 additional damage for each opened breach Knight of Shackles has.;It strode confidently among the dead upon its blighted steed, the glow of the breach radiating from it as they sieged the city.;The Void;;48;
Engine of War;P;2;;2;Knight of Shackles;;;Discard three prepped spells.;;Any player suffers 1 damage. That player suffers 2 additional damage for each opened breach Knight of Shackles has. Unleash.;"""If Thraxir can become one of them, so can I."" - Xaxos, Voidbringer";The Void;;49;
Rout;A;;;2;Knight of Shackles;;;;;If Knight of Shackles's breach I is open, Gravehold suffers 6 damage. Otherwise, Knight of Shackles opens its breach I.;"""Mist refuses to see Thraxir within this thing, but it's quite clear to the rest of us."" - Gex, Breach Mage Adviser";The Void;;50;
Deathless Legion;M;18;;3;Knight of Shackles;;Players cannot rotate Knight of Shackles's breaches.;;;Gravehold suffers 1 damage. Gravehold suffers 1 additional damage for each opened breach Knight of Shackles has.;;The Void;;51;
End of All;P;2;;3;Knight of Shackles;;;Destroy three cards in hand that each cost 3$ or more.;;Knight of Shackles opens its closed breach with the lowest focus cost.;Thraxir was once a breach mage commander, torn asunder by the one called Rageborne. Now he is a harbinger for The Nameless, the end of all.;The Void;;52;
Invade;A;;;3;Knight of Shackles;;;;;If Knight of Shackles's breach II is closed, Knight of Shackles opens that breach. Otherwise, for each opened breach Knight of Shackles has, place the most recently discarded power card into player with the number of power tokens indicated on the card.;;The Void;;53;
;;;;;;;;;;;;;;;
Aether Barb;P;2;;1;Maiden of Thorns;;;;;Unleash. The players collectively discard cards in hand equal to the number of cards in the Thorn supply pile. Advance.;"""It was as if a splinter was driven into my brain. And the words necessary to fight back were all but lost to me."" - Indira, Breach Apprentice";The Void;;54;
Nettlewind;M;6;;1;Maiden of Thorns;;;;;If the Thorn supply pile is a spell, Advance. Otherwise, Gravehold suffers 2 damage.;"""Imagine a knife with winds... and teeth."" - Sparrow, Breach Mage Soldier";The Void;;55;
Puncture;A;;;1;Maiden of Thorns;;;;;Unleash. If the Thorn supply pile is a spell, Advance. Otherwise, the player with the most expensive prepped spell discards that spell.;;The Void;;56;
Dreadwind Horrors;M;10;;2;Maiden of Thorns;;;;;Flip the Thorn marker over. Unleash.;"""A swarm of these descended upon the dirt market once. What I wouldn't give to forget that day."" - Ohat, Dirt Merchant";The Void;;57;
Gruesome Feast;P;2;;2;Maiden of Thorns;;;;;Unleash. Destroy all of the cards in the two supply piles with the fewest cards.;The Maiden clambered upon the fallen mage, seeming to devour her throes like nectar.;The Void;;58;
Quillfiend;M;8;;2;Maiden of Thorns;;;;;The player with the most expensive gem in hand discards that gem and suffers 2 damage.;"""Let's let Quilius have this one."" - Garu, Oathsworn Protector";The Void;;59;
Molecular Razor;P;1;;3;Maiden of Thorns;;;Destroy two opened breaches.;;Unleash twice. Any player draws two cards and then destroys all cards in hand that cost 2$ or more.;;The Void;;60;
Shrapnel Storm;A;;;3;Maiden of Thorns;;;;;Destroy all of the cards in the two supply piles with the fewest cards. Unleash twice.;;The Void;;61;
Writhing Obelisk;M;16;;3;Maiden of Thorns;;;;;Any player suffers damage equal to the cost of the top card of the Thorn supply pile.;It writhed as it ripped a hole through the wall of the world, snatching up those not deft enough to run away.;The Void;;62;
;;;;;;;;;;;;;;;
Fate Leech;M;6;;1;Thrice-Dead Prophet;;;;;Any player suffers 1 damage. Thrice-Dead Prophet gains one nemesis token.;"""It feeds on our belief that we may somehow survive."" - Garu, Oathsworn Protector";The Outer Dark;;68;
Immortal Triumph;P;3;;1;Thrice-Dead Prophet;;;;;If Thrice-Dead Prophet has 40 or less life, Gravehold suffers 7 damage. Otherwise, Thrice-Dead Prophet gains three nemesis tokens.;"""The first time we killed it, we were surprised. The second time, we rejoiced. The third time, we had Quilius kill it again to be certain."" - Dezmodia, Voidborn Prodigy";The Outer Dark;;69;
Rouse;A;;;1;Thrice-Dead Prophet;;;;;Any player suffers 4 damage. Thrice-Dead Prophet gains one nemesis token.;"""I thought it dead... for a moment."" - Sparrow, Breach Mage Soldier";The Outer Dark;;70;
Chrysalis Shield;P;2;;2;Thrice-Dead Prophet;;;;;If Thrice-Dead Prophet has 40 or less life, Unleash three times. Otherwise, it gains three nemesis tokens.;;The Outer Dark;;71;
Eternal Edict;P;2;;2;Thrice-Dead Prophet;;;Spend 7$.;;Any player suffers 4 damage. Thrice-Dead Prophet gains three nemesis token.;;The Outer Dark;;72;
Gilded Effigy;M;12;;2;Thrice-Dead Prophet;;;;;If Thrice-Dead Prophet has 40 or less life, it gains 7 life. Otherwise, Gravehold suffers 3 damage.;"""I would assume this is its bodyguard?"" - Sparrow, Breach Mage Soldier";The Outer Dark;;73;
Endure;A;;;3;Thrice-Dead Prophet;;;;;If Thrice-Dead Prophet has 30 or less life, Unleash four times. Otherwise, discard the top card of the nemesis deck.;"""How many times can these things die?!"" - Sparrow, Breach Mage Soldier";The Outer Dark;;74;
Lost Watcher;M;17;;3;Thrice-Dead Prophet;;;;;Discard the top card of the nemesis deck.;"""All around us, the world unhinged and shattered. Life and death lost all meaning a time became obsolete."" - Mazahaedron, Henge Mystic";The Outer Dark;;75;
Siphon;A;;;3;Thrice-Dead Prophet;;;;;If Thrice-Dead Prophet has 30 or less life, Unleash and the players collectively discard the three most expensive prepped spells. Otherwise, the players collectively suffer 9 damage.;;The Outer Dark;;76;
;;;;;;;;;;;;;;;
Abyssal Nightmare;M;5;;1;Wraithmonger;;;;;Any player resolves the highest numbered unclaimed Terror tile without claiming it.;It slides between the world of the working and that of dreams, a graceful nightmare given form.;The Outer Dark;;77;
Horrify;A;;;1;Wraithmonger;;;;;Any player resolves the two highest numbered unclaimed Terror tiles in any order without claiming them.;The cacophony of their screams filled the dirt market, each person falling to their knees in utter horror.;The Outer Dark;;78;
Terror Coil;P;3;;1;Wraithmonger;;;;;Unleash. The player with the lowest numbered claimed Terror tile resolves that Terror tile.;"""A wake of dread was upon our hearts like an unseen hand."" - Ohat, Dirt Merchant";The Outer Dark;;79;
Manifest;A;;;2;Wraithmonger;;;;;The player with the fewest Terror tiles claims the three highest numbered unclaimed Terror tiles without resolving them.#OR#Any player loses 1 charge and suffers 4 damage.;;The Outer Dark;;80;
Sanity Hemorrhage;P;3;;2;Wraithmonger;;;;;Unleash. Remove the highest numbered claimed Terror tile from the game.;"""As Gravehold slept, Wraithmonger hovered about the city like an omen of the terror that was yet to come."" - Indira, Breach Apprentice";The Outer Dark;;81;
Somaplast;M;10;;2;Wraithmonger;;;;;Unleash. Any player loses 1 charge.;"""It would not be as terrifying were it any less beautiful."" - Ohat, Dirt Merchant";The Outer Dark;;82;
Beyonder;M;16;;3;Wraithmonger;;;;;Unleash. Remove the highest numbered claimed Terror tile from the game.;"""The Wraithmonger is a being of pure fear, interred without our very sleep. Let us wake for fear that we may dream."" - Yan Magda, Enlightened Exile";The Outer Dark;;83;
Pulsing Madness;P;2;;3;Wraithmonger;;;Destroy two prepped spells that each cost 3$ or more.;;The player with the fewest Terror tiles claims all of the Terror tiles except for the lowest numbered Terror tile without resolving them.;;The Outer Dark;;84;
Unhinge;A;;;3;Wraithmonger;;;;;The player with the most charges loses all of their charges. That player claims the two highest numbered Terror tiles even if they are already claimed. Then, that player resolves all of their Terror tiles in any order.;;The Outer Dark;;85;
;;;;;;;;;;;;;;;
# Legacy / Wave 3 nemesis cards;;;;;;;;;;;;;;;
;;;;;;;;;;;;;;;
Vile Impaler;M;5;;1;Bladius;;;;;Unleash.;;Legacy;II;43;
Parry;A;;;1;Bladius;;;;;Gravehold suffers 2 damage. Any player discards a prepped spell.;;Legacy;II;38;
Lunge;A;;;1;Bladius;;;;;Gravehold suffers 4 damage. Any player discards a card in hand.;;Legacy;II;37;
Riposte;A;;;2;Bladius;;;;;Unleash. The players collectively discard three cards in hand.;;Legacy;II;35;
Voracious Corroders;M;9;;2;Bladius;;;;;Gravehold suffers 2 damage.;;Legacy;END;77;
Hate Hound;M;7;;2;Bladius;;;;;Gravehold suffers 3 damage.;;Legacy;II;31;
Fleche;P;2;;3;Bladius;;;;;Unleash twice. The player with the most expensive prepped spell discards that spell.;;Legacy;II;30;
Flying Guillotine;P;2;;3;Bladius;;;Spend 8$.;;Gravehold suffers 6 damage.;;Legacy;II;29;
Iron Charger;M;13;;3;Bladius;;;;;Any player destroys a prepped spell and discards a card in hand.;;Legacy;II;28;
;;;;;;;;;;;;;;;
Breeding Chamber;M;0;;0;Spawning Horror;;This minion can never have less than 1 life. This minion has no maximum life.;;;;;Legacy;III;6;
Crystalline Pod;D;7;;0;Spawning Horror;;;;;Any player discards a card in hand.;;Legacy;III;7;
Electric Pod;D;6;;0;Spawning Horror;;;;;Gravehold suffers 2 damage.;;Legacy;END;78;
Frozen Pod;D;4;1;0;Spawning Horror;;;;;The player with the lowest life suffers 1 damage.;;Legacy;III;9;
Volcanic Pod;D;5;2;0;Spawning Horror;;;;;Gravehold suffers 1 damage.;;Legacy;III;10;
Marrow Pod;D;5;;0;Spawning Horror;;;;;Breeding Chamber gains 2 life.;;Legacy;III;11;
Spiked Pod;D;4;2;0;Spawning Horror;;;;;Any player suffers 2 damage.;;Legacy;III;12;
Acidic Pod;D;6;;0;Spawning Horror;;;;;The player with the fewest opened breaches suffers 2 damage.;;Legacy;III;13;
Amplify Energy;P;3;;1;Spawning Horror;;;Spend 6$.;;Resolve the persistent effect of the pod with the most life three times.#OR#Breeding Chamber gains 5 life.;;Legacy;III;14;
Unearth;A;;;1;Spawning Horror;;;;;If there are no pods in play, Breeding Chamber gains 5 life. Otherwise, Gravehold suffers 4 damage.;;Legacy;III;15;
Construct;A;;;1;Spawning Horror;;;;;Draw a card from the pod deck and place it into play. Then, set that minion's life to 2. (This does not affect shield tokens.);;Legacy;III;16;
Accelerated Breeding;P;2;;2;Spawning Horror;;;Discard two gems that cost 3$ or more.;;Resolve the persistent effect of the pod with the most life four times.#OR#Breeding Chamber gains 5 life and any player suffers 2 damage.;;Legacy;III;17;
Exterminating Blade;P;3;;2;Spawning Horror;;;Spend 7$.;;The player with the lowest life suffers 5 damage.;;Legacy;END;79;
Retribution;A;;;2;Spawning Horror;;;;;If there are no pods in play, Breeding Chamber gains 8 life. Otherwise, any player suffers 4 damage.;;Legacy;III;19;
Summon;A;;;3;Spawning Horror;;;;;Draw a card from the pod deck and place it into play.#OR#Gravehold suffers 6 damage.;;Legacy;III;20;
Organic Forge;P;2;;3;Spawning Horror;;;Spend 8$.;;Draw two cards from the pod deck and place them into play. (Do not resolve these minions' PERSISTENT effects this turn.);;Legacy;III;21;
Nest Defender;M;11;;3;Spawning Horror;;Prevent all damage dealt to pods.;;;Unleash twice.;;Legacy;III;22;
;;;;;;;;;;;;;;;
Influence;A;;;1;Fungal Mesh;;;;;Unleash twice. Any player discards two gems in hand. That player focuses their closed breach with the lowest focus cost.;;Legacy;IV;2;
Redirected Power;P;3;;1;Fungal Mesh;;;Lose 4 charges.;;Unleash twice. Any player destroys a prepped spell that costs 0$.;;Legacy;IV;3;
Dominion Spores;M;6;;1;Fungal Mesh;;;;;Any player discards two gems, gains a charge, and suffers 2 damage.;;Legacy;IV;4;
Brama, Infested;M;10;;2;Fungal Mesh;;;;;Unleash. Fungal Mesh gains 3 life.;;Legacy;END;80;
Command;A;;;2;Fungal Mesh;;;;;Unleash twice. Any player discards three gems and suffers 2 damage. Then, that player gains a card that costs 3$ or less from any supply pile.;;Legacy;IV;6;
Deadly Overload;P;3;;2;Fungal Mesh;;;Spend 7$.;;The player with the most expensive prepped spell casts it. The damage that spell deals must be dealt to the player who cast it.;;Legacy;IV;7;
Domineer;A;;;3;Fungal Mesh;;;;;Unleash three times. The player with the lowest life discards their hand, shuffles their discard pile into their deck, and then draws five cards.;;Legacy;IV;8;
Psychic Clouds;M;15;;3;Fungal Mesh;;;;;The player with the most prepped spells suffers 4 damage.;;Legacy;IV;9;
Override;A;;;3;Fungal Mesh;;;;;Unleash twice. The player with the most opened breaches discards their hand, gains a card that costs 5$ or less, and places that card into their hand.;;Legacy;IV;10;
;;;;;;;;;;;;;;;
Smog Beast;M;7;;1;Haze Fiend;;;;;Gravehold suffers 1 damage. Any player discards a gem.;;Legacy;V;2;
Debilitating Impact;P;3;;1;Haze Fiend;;;;;Gravehold suffers 3 damage. The player with the most expensive spell in hand degrades that card.;;Legacy;V;3;
Fracture;A;;;1;Haze Fiend;;;;;Gravehold suffers 2 damage. The player with the most Crystals in hand places a flawed sticker on a non-flawed Crystal in their hand or discard pile.;;Legacy;V;4;
Smoke Guardian;M;11;;2;Haze Fiend;;;;;Any player degrades a card in hand. Gravehold suffers 1 damage.;;Legacy;END;81;
Rune Prisoner;M;7;;2;Haze Fiend;;When a player deals damage to this minion, that player degrades a card in hand.;;;Gravehold suffers 3 damage.;;Legacy;V;6;
Poison;A;;;2;Haze Fiend;;;;;Any player places a flawed sticker on a non-flawed Crystal in their hand or discard pile. A different player degrades a card in hand and suffers 2 damage.;;Legacy;V;7;
Toxic Breath;M;15;;3;Haze Fiend;;;;;Gravehold suffers 2 damage. The player with the most expensive card in hand destroys that card.;;Legacy;V;8;
Disintegrate;A;;;3;Haze Fiend;;;;;Unleash. Gravehold suffers 3 damage. The player with the most cards in hand that cost 2$ or more degrades all of those cards.;;Legacy;V;9;
Aether Channel;P;1;;3;Haze Fiend;;;;;The player with the most cards in their discard pile places all cards that cost 0$ in their discard pile on top of their deck in any order. Gravehold suffers 1 damage for each card placed this way.;;Legacy;V;10;
;;;;;;;;;;;;;;;
Sever Link;P;3;;0;Deathmind;;(When the last power token is removed from this card, resolve it immediately.);;;Deathmind severs a neural bridge: Discard a Bridge token in play. If you can't, Gravehold suffers 20 damage.#Do not discard this card from play. Instead, add three power tokens to this card.;;Legacy;VI;2;
Kinetic Construct;M;7;;1;Deathmind;;;;;Gravehold suffers 2 damage. Place a Bridge token into play. Then discard a different Bridge token in play.;;Legacy;END;82;
Mind Feast;A;;;1;Deathmind;;;;;Gravehold suffers 4 damage. Unleash until Sever Link has one power token.;;Legacy;VI;4;
Memory Burst;P;3;;1;Deathmind;;;Discard a prepped spell that costs 5$ or more.;;Any player suffers damage equal to the number of Bridge tokens in play. Then, Unleash twice.;;Legacy;VI;5;
Cortex Jailer;M;4;-1;2;Deathmind;;;;This minion gains one shield token for each Bridge token in play.;The player with the lowest life suffers 2 damage.;;Legacy;VI;6;
Thought Quake;A;;;2;Deathmind;;;;;If there are three or more Bridge tokens in play, discard a Bridge token in play. Otherwise, Gravehold suffers 6 damage.;;Legacy;VI;7;
Brama's Torment;P;2;;2;Deathmind;;;Discard two Bridge tokens in play.;;Any player suffers 5 damage. The players collectively discard cards in hand equal to the number of Bridge tokens in play.;;Legacy;END;83;
Nightmare;M;17;;3;Deathmind;;;;;Discard a Bridge token adjacent to the first pile in the top row of the supply.#OR#Any player suffers 4 damage.;;Legacy;VI;9;
Brain Wipe;A;;;3;Deathmind;;;;;If there are four or more Bridge tokens in play, Unleash four times. Otherwise, any player suffers 5 damage.;;Legacy;VI;10;
Thoughtful Sacrifice;P;2;;3;Deathmind;;;Discard two Bridge tokens in play.;;Gravehold suffers 8 damage.;;Legacy;VI;11;
;;;;;;;;;;;;;;;
Draining Beacon;B;2;;0;Maelstrom: Risen;;;;Any player suffers 1 damage.;;;Legacy;VII;3;4
Misery Beacon;B;2;;0;Maelstrom: Risen;;;;Any player discards a card in hand.;;;Legacy;VII;5;6
Grave Beacon;B;1;;0;Maelstrom: Risen;;;;The player with the lowest life suffers 1 damage.;;;Legacy;VII;7;8
Guardian Beacon;B;2;1;0;Maelstrom: Risen;;;;;;;Legacy;VII;9;10
Protective Beacon;B;3;;0;Maelstrom: Risen;;;;;;;Legacy;VII;11;12
Whipping Wires;M;7;;1;Maelstrom: Risen;;;;;If this is the Assault turn, any player suffers 2 damage. Otherwise, Unleash.;;Legacy;VII;13;
Slice;P;3;;1;Maelstrom: Risen;;;;;The player with the most expensive card in hand degrades that card and suffers 3 damage.;;Legacy;VII;14;
Venomous Coil;P;3;;1;Maelstrom: Risen;;;Spend 6$.;;Unleash twice. Then, any player suffers damage equal to the number of beacons in play.;;Legacy;VII;15;
Blight;A;;;2;Maelstrom: Risen;;;;;Unleash twice. The player with the most cards in hand that cost 2$ or more discards all of those cards and draws that many cards.;;Legacy;VII;16;
Bladius (M:R);M;14;;2;Maelstrom: Risen;;;;;The player with the fewest opened breaches suffers 2 damage.;;Legacy;END;84;
Ferocious Assault;P;3;;2;Maelstrom: Risen;;;Spend 8$.;;Unleash. Set this card next to the nemesis mat. For the rest of this game, both nemesis turn order cards are Assault turn order cards.#(This cannot be removed once resolved.);;Legacy;VII;18;
Cracking Earth;P;2;;3;Maelstrom: Risen;;;If the Assault turn order card is in the turn order discard pile, spend 8$. Otherwise, spend 10$.;;The player with the lowest life suffers 3 damage. A different player suffers 4 damage.;;Legacy;VII;19;
Beast of Blades;M;17;;3;Maelstrom: Risen;;;;;Unleash. Any player suffers damage equal to the number of beacons in play.;;Legacy;VII;20;
Erupt;A;;;3;Maelstrom: Risen;;;;;Unleash twice. The player with the most prepped spells returns those spells to their hand and then destroys three cards in hand.;;Legacy;VII;21;
;;;;;;;;;;;;;;;
Beginning;A;;;1;Xaxos: Ascended;;;;;Unleash twice. Destroy one of Xaxos: Ascended's prepped spells that costs 3$. Xaxos: Ascended concentrates.;;Legacy;VIII;37;
Prelatus of Pain;M;6;;1;Xaxos: Ascended;;When this minion is discarded, Xaxos: Ascended Concentrates.;;;Gravehold suffers 2 damage.#OR#Any player loses 1 charge.;;Legacy;VIII;38;
Prelatus of Fire;M;7;;1;Xaxos: Ascended;;;;;Xaxos: Ascended Concentrates. Reveal the top card of Xaxos: Ascended's spell deck. If that spell costs 3$, destroy it.;;Legacy;VIII;39;
Firestorm;A;;;2;Xaxos: Ascended;;;;;Unleash twice. Destroy each of Xaxos: Ascended's prepped spells that cost 3$. Xaxos: Ascended Concentrates for each spell destroyed this way.;;Legacy;VIII;40;
Inner Eye;P;2;;2;Xaxos: Ascended;;;Spend 9$.;;Place the bottom card of the concentrate deck on top of the spell deck. Then, Unleash twice.;;Legacy;VIII;41;
Prelatus of Lore;M;15;;2;Xaxos: Ascended;;;;Xaxos: Ascended Concentrates.;Draw a card from Xaxos: Ascended's spell deck. Prep that card to Xaxos: Ascended's farther right unoccupied breach.;;Legacy;END;85;
Prelatus of Death;M;24;;3;Xaxos: Ascended;;;;;Xaxos: Ascended Concentrates. Cast the top card of the spell deck.;;Legacy;VIII;43;
Break;A;;;3;Xaxos: Ascended;;;;;Xaxos: Ascended Concentrates three times. The player with the most expensive prepped spell destroys it and the breach that spell was prepped to.;;Legacy;VIII;44;
Final Form;P;2;;3;Xaxos: Ascended;;;Spend 10$.;;Xaxos: Ascended Concentrates four times. Shuffle Xaxos: Ascended's spell deck.;;Legacy;VIII;45;
;;;;;;;;;;;;;;;
# New Age / Wave 4 nemesis cards;;;;;;;;;;;;;;;
;;;;;;;;;;;;;;;
Fly Throng;P;3;;1;Maggoth;;;Spend 6$.;;Place three maggots into play. Any player suffers 3 damage.;;The New Age;1c;25;
Hive Surge;P;1;;1;Maggoth;;;Discard 3 cards in hand.;;Place a maggot into play. Then, place two flies into play.;;The New Age;1c;23;
Morph;A;;;1;Maggoth;;;;;Place a fly into play. Any player suffers 3 damage.;;The New Age;1c;22;
Overrun;A;;;2;Maggoth;;;;;Place six maggots into play.#OR#Any player suffers 5 damage.;;The New Age;1c;19;
Vile Breeder;P;9;;2;Maggoth;;;;;Place a maggot into play. Any player suffers 2 damage.;;The New Age;1c;16;
Shape Death;P;3;;2;Maggoth;;;Spend 7$.;;If there are seven or less total flies and maggots, place three flies and one maggot into play. Otherwise, any player suffers 4 damage.;;The New Age;1c;14;
Egg Burst;P;1;;3;Maggoth;;;Destroy four cards in hand.;;Place three flies into play. Any player suffers 3 damage.;;The New Age;1c;11;
Savage Spawner;M;17;;3;Maggoth;;;;;Place two flies into play.;;The New Age;1c;7;
Vivify;A;;;3;Maggoth;;;;;If there are seven or less total flies and maggots, place five flies into play. Otherwise, any player suffers 4 damage and discards their most expensive prepped spell.;;The New Age;1c;5;
;;;;;;;;;;;;;;;
Bolster;A;;;1;Arachnos;;;;;Arachnos gains one nemesis token.#OR#Unleash. Any player suffers 3 damage.;;The New Age;2a;19;
The Chanters;M;4;;1;Arachnos;;;;;Arachnos gains one nemesis token.;;The New Age;2a;20;
Breach Stabilizer;P;2;;1;Arachnos;;;Spend 5$.;;Unleash. Arachnos gains one nemesis token.;;The New Age;2a;21;
Unveil;A;;;2;Arachnos;;;;;Gravehold suffers 5 damage.#OR#Arachnos gains two nemesis tokens.;;The New Age;2a;22;
Flame Acolyte;M;8;;2;Arachnos;;;;;If Arachnos has three or less nemesis tokens, Arachnos gains one nemesis token. Otherwise, any player suffers 3 damage.;;The New Age;2a;23;
Empower Ritual;P;3;;2;Arachnos;;;Spend 7$.;;Arachnos gains one nemesis token. Gravehold suffers 4 damage.;;The New Age;2a;24;
Terminate;A;;;3;Arachnos;;;;;If Arachnos has four or less nemesis tokens, Arachnos gains three nemesis tokens. Otherwise, Unleash three times.;;The New Age;2a;25;
Ritual Guardian;M;15;;3;Arachnos;;;;;Arachnos gains one nemesis token. Unleash.;;The New Age;2a;26;
The End;P;4;;3;Arachnos;;;;Arachnos gains 15 life.;The ritual is complete.;;The New Age;2a;27;
World Devourer;W;0;;0;Arachnos;;;;Set this minion's life equal to the current life of Arachnos plus:#Tier 0: 5#Tier 1: 10#Tier 2: 10#Tier 3:15#Tier 4: 20#Tier 5: 20#Tier 6: 25#Tier 7: 30#Tier 8: 38#Tier 9+:40;At the start of each nemesis turn: Gravehold suffers G damage. Any player suffers P damage. The player with the lowest life suffers L damage.##Tier 0: G=3, P=3, L=0#Tier 1: G=3, P=3, L=0#Tier 2: G=4, P=3, L=0#Tier 3: G=4, P=4, L=0#Tier 4: G=4, P=4, L=0#Tier 5: G=5, P=4, L=0#Tier 6: G=5, P=0, L=4#Tier 7: G=5, P=0, L=4#Tier 8: G=5, P=0, L=4#Tier 9+: G=5, P=0, L=4;;The New Age;2a;9;18
;;;;;;;;;;;;;;;
Age Siphon;A;;;1;Ageless Walker;;;;;Any player exiles a spell in their hand or discard pile. Gravehold suffers 2 damage.;;The New Age;3a;10;
Enveloping Ooze;M;5;;1;Ageless Walker;;;;;Gravehold suffers 2 damage. Any player discards the top card of their deck.;;The New Age;3a;11;
Temporal Leap;P;3;;1;Ageless Walker;;;;;The players collectively exile two cards in hand.;;The New Age;3a;12;
Timeless Serpent;M;12;;2;Ageless Walker;;;;Any player exiles one card in hand.;Any player discards their most expensive card in hand.;;The New Age;3a;13;
Burden of Knowledge;P;3;;2;Ageless Walker;;;;;The players collectively exile two cards in hand or discard pile that cost 2$ or more.;;The New Age;3a;14;
Rush of Madness;P;3;;2;Ageless Walker;;;Spend 7$.;;Unleash twice. Exile a card from the most expensive supply pile. Gravehold suffers 4 damage.;;The New Age;3a;15;
Siege of Dust;P;1;;3;Ageless Walker;;;;;Unleash. If the top card of the exiled pile costs more than 0$, Gravehold suffers 4 damage. Otherwise, Gravehold suffers 8 damage.;;The New Age;3a;16;
Forget;A;;;3;Ageless Walker;;;;;Any player exiles two cards in hand and draws two cards. Gravehold suffers 5 damage.;;The New Age;3a;17;
Spire of Bone;M;16;;3;Ageless Walker;;;;Destroy all of the cards in the exiled pile.;Any player exiles a card in hand and draws a card. Gravehold suffers 2 damage.;;The New Age;3a;18;
Curse of Aging;C;;;0;Ageless Walker;;This cannot be destroyed or exiled.;;;When this is in your hand, after you finish drawing cards, immediately suffer 1 damage and draw a card. Then, discard this card.;;The New Age;3a;6;9
;;;;;;;;;;;;;;;
;;;;;;;;;;;;;;;
;;;;;;;;;;;;;;;
;;;;;;;;;;;;;;;
;;;;;;;;;;;;;;;
;;;;;;;;;;;;;;;
;;;;;;;;;;;;;;;
;;;;;;;;;;;;;;;
;;;;;;;;;;;;;;;
;;;;;;;;;;;;;;;
;;;;;;;;;;;;;;;
;;;;;;;;;;;;;;;
;;;;;;;;;;;;;;;
;;;;;;;;;;;;;;;
;;;;;;;;;;;;;;;
;;;;;;;;;;;;;;;
;;;;;;;;;;;;;;;
;;;;;;;;;;;;;;;
;;;;;;;;;;;;;;;
;;;;;;;;;;;;;;;
;;;;;;;;;;;;;;;
;;;;;;;;;;;;;;;
;;;;;;;;;;;;;;;
;;;;;;;;;;;;;;;
;;;;;;;;;;;;;;;
;;;;;;;;;;;;;;;
;;;;;;;;;;;;;;;
;;;;;;;;;;;;;;;
;;;;;;;;;;;;;;;
;;;;;;;;;;;;;;;
;;;;;;;;;;;;;;;
;;;;;;;;;;;;;;;
;;;;;;;;;;;;;;;
;;;;;;;;;;;;;;;
;;;;;;;;;;;;;;;
;;;;;;;;;;;;;;;
;;;;;;;;;;;;;;;
;;;;;;;;;;;;;;;
;;;;;;;;;;;;;;;
;;;;;;;;;;;;;;;
;;;;;;;;;;;;;;;
;;;;;;;;;;;;;;;
;;;;;;;;;;;;;;;
;;;;;;;;;;;;;;;
;;;;;;;;;;;;;;;
;;;;;;;;;;;;;;;
;;;;;;;;;;;;;;;
;;;;;;;;;;;;;;;
;;;;;;;;;;;;;;;
;;;;;;;;;;;;;;;
;;;;;;;;;;;;;;;
;;;;;;;;;;;;;;;
;;;;;;;;;;;;;;;
;;;;;;;;;;;;;;;
;;;;;;;;;;;;;;;
;;;;;;;;;;;;;;;
;;;;;;;;;;;;;;;
;;;;;;;;;;;;;;;
;;;;;;;;;;;;;;;
;;;;;;;;;;;;;;;
;;;;;;;;;;;;;;;
;;;;;;;;;;;;;;;
;;;;;;;;;;;;;;;
;;;;;;;;;;;;;;;
;;;;;;;;;;;;;;;
;;;;;;;;;;;;;;;
;;;;;;;;;;;;;;;
;;;;;;;;;;;;;;;
;;;;;;;;;;;;;;;
;;;;;;;;;;;;;;;
;;;;;;;;;;;;;;;
;;;;;;;;;;;;;;;
;;;;;;;;;;;;;;;
;;;;;;;;;;;;;;;
;;;;;;;;;;;;;;;
;;;;;;;;;;;;;;;
;;;;;;;;;;;;;;;
;;;;;;;;;;;;;;;
;;;;;;;;;;;;;;;
;;;;;;;;;;;;;;;
;;;;;;;;;;;;;;;
;;;;;;;;;;;;;;;
;;;;;;;;;;;;;;;
;;;;;;;;;;;;;;;
;;;;;;;;;;;;;;;
;;;;;;;;;;;;;;;
;;;;;;;;;;;;;;;
;;;;;;;;;;;;;;;
;;;;;;;;;;;;;;;
;;;;;;;;;;;;;;;
;;;;;;;;;;;;;;;
;;;;;;;;;;;;;;;
;;;;;;;;;;;;;;;
;;;;;;;;;;;;;;;
;;;;;;;;;;;;;;;
;;;;;;;;;;;;;;;
;;;;;;;;;;;;;;;
;;;;;;;;;;;;;;;
;;;;;;;;;;;;;;;
;;;;;;;;;;;;;;;
;;;;;;;;;;;;;;;
;;;;;;;;;;;;;;;
;;;;;;;;;;;;;;;
;;;;;;;;;;;;;;;
;;;;;;;;;;;;;;;
;;;;;;;;;;;;;;;
;;;;;;;;;;;;;;;
;;;;;;;;;;;;;;;
;;;;;;;;;;;;;;;
;;;;;;;;;;;;;;;
;;;;;;;;;;;;;;;
;;;;;;;;;;;;;;;
;;;;;;;;;;;;;;;
;;;;;;;;;;;;;;;
;;;;;;;;;;;;;;;
;;;;;;;;;;;;;;;
;;;;;;;;;;;;;;;
;;;;;;;;;;;;;;;
;;;;;;;;;;;;;;;
;;;;;;;;;;;;;;;
;;;;;;;;;;;;;;;
;;;;;;;;;;;;;;;
;;;;;;;;;;;;;;;
;;;;;;;;;;;;;;;
;;;;;;;;;;;;;;;
;;;;;;;;;;;;;;;
;;;;;;;;;;;;;;;
;;;;;;;;;;;;;;;
;;;;;;;;;;;;;;;
;;;;;;;;;;;;;;;
;;;;;;;;;;;;;;;
;;;;;;;;;;;;;;;
;;;;;;;;;;;;;;;
;;;;;;;;;;;;;;;
;;;;;;;;;;;;;;;
;;;;;;;;;;;;;;;
;;;;;;;;;;;;;;;
;;;;;;;;;;;;;;;
;;;;;;;;;;;;;;;
;;;;;;;;;;;;;;;
;;;;;;;;;;;;;;;
;;;;;;;;;;;;;;;
;;;;;;;;;;;;;;;
;;;;;;;;;;;;;;;
;;;;;;;;;;;;;;;
Corrupting Chitterer;M;6;;1;Experiment 153;;;;;Move maw tokens on two different tracks one space forward.;;Outcasts;1c;22;
Bound;A;;;1;Experiment 153;;;;;Any player gains two Cursed Shards from the Curse deck and places them on top of their deck.#OR#Move 1 maw token three spaces forward.;;Outcasts;1c;23;
Cascading Casualties;P;2;;1;Experiment 153;;;Spend 5$.;;Move the maw token farthest from the start two spaces forward. If this causes an effect to resolve on the track, resolve that effect one additional time.;;Outcasts;1c;24;
Lunging Jaws;A;;;2;Experiment 153;;;;;Move any maw token four spaces forward.;;Outcasts;1c;12;
Scaled Flesh;P;3;;2;Experiment 153;;;;;Unleash twice.#Set this card next tot he Growth Mat. For the rest of the game, players must deal 4 damage instead of 3 to move a maw token back.;;Outcasts;1c;14;
Aural Carnivore;M;10;;2;Experiment 153;;Reduce to 0 all damage dealt to maws.;;;Any player suffers 2 damage.;;Outcasts;1c;16;
Divide and Devour;A;;;3;Experiment 153;;;;;Unleash. Move any maw token three spaces forward. Move any maw token one space back.;;Outcasts;1c;6;
Vein Worms;M;16;;3;Experiment 153;;;;;Move any maw token three spaces forward.;;Outcasts;1c;8;
Restless Maws;P;2;;3;Experiment 153;;;Spend 8$.;;Unleash twice. The maw with the lowest life gains 10 life.;;Outcasts;1c;11;
